,file_name,hyperparameter,profit,elapsed_time,peak_memory,avg_memory
0,set_130650_ANN_complex_IOA_meta.pkl,"[6, 20, 0.022756794984217905, 49, 10, 32, 'relu']",59624.39404676056,322.073979,2427.51953125,1733.220631377551
1,set_130650_ANN_complex_SOAnp_meta.pkl,"[9, 22, 0.012184920450301557, 43, 10, 16, 'relu']",51034.8582324839,559.793023,10183.9609375,8251.799358974358
2,set_130650_ANN_complex_SOAp_meta.pkl,"[9, 22, 0.012184920450301557, 43, 10, 16, 'relu']",41874.953900484405,558.441177,6225.453125,4162.420815325798
3,set_130650_ANN_simple_IOA_meta.pkl,"[7, 8, 0.09986941432760484, 50, 10, 16, 'relu']",5215.587519073487,333.363864,2368.1796875,1734.291984375
4,set_130650_ANN_simple_SOAnp_meta.pkl,"[6, 15, 0.09117597957701895, 29, 10, 16, 'relu']",5626.292372608003,429.537078,3876.96484375,3520.65625
5,set_130650_ANN_simple_SOAp_meta.pkl,"[6, 15, 0.09117597957701895, 29, 10, 16, 'relu']",4431.535648221634,429.538978,3876.96484375,3520.6171875
6,set_130650_XGB_complex_IOA_meta.pkl,"{'learning_rate': 0.29744078951436853, 'max_depth': 4, 'subsample': 0.37905223198766314, 'tree_method': 'hist', 'num_target': 6, 'multi_strategy': 'multi_output_tree'}",63312.817323806754,284.679321,3798.04296875,3788.5855729166665
7,set_130650_XGB_complex_SOAnp_meta.pkl,"{'learning_rate': 0.4317656722603237, 'max_depth': 4, 'subsample': 0.30081799769844986, 'tree_method': 'hist', 'num_target': 6, 'multi_strategy': 'multi_output_tree', 'quantile_alpha': 0, 'objective': 'reg:squarederror'}",63132.87470887856,396.337405,12106.1953125,10072.196004231771
8,set_130650_XGB_complex_SOAp_meta.pkl,"{'learning_rate': 0.4317656722603237, 'max_depth': 4, 'subsample': 0.30081799769844986, 'tree_method': 'hist', 'num_target': 6, 'multi_strategy': 'multi_output_tree', 'quantile_alpha': 0, 'objective': 'reg:squarederror'}",63133.70661357219,405.607569,8019.765625,5955.357860331633
9,set_130650_XGB_simple_IOA_meta.pkl,"{'learning_rate': 0.46556548453631963, 'max_depth': 2, 'subsample': 0.5861533244579811, 'tree_method': 'hist', 'num_target': 1, 'multi_strategy': 'one_output_per_tree', 'quantile_alpha': 0.8275862068965517, 'objective': 'reg:quantileerror'}",5911.172970275879,260.378345,3604.56640625,3560.2736672794117
10,set_130650_XGB_simple_SOAnp_meta.pkl,"{'learning_rate': 0.10638408860295201, 'max_depth': 2, 'subsample': 0.368433785966714, 'tree_method': 'hist', 'num_target': 1, 'multi_strategy': 'one_output_per_tree', 'quantile_alpha': 0, 'objective': 'reg:squarederror'}",5920.930903392994,257.057964,3690.921875,3690.81640625
11,set_130650_XGB_simple_SOAp_meta.pkl,"{'learning_rate': 0.10638408860295201, 'max_depth': 2, 'subsample': 0.368433785966714, 'tree_method': 'hist', 'num_target': 1, 'multi_strategy': 'one_output_per_tree', 'quantile_alpha': 0, 'objective': 'reg:squarederror'}",5919.405248594472,257.056825,3690.921875,3690.8125
12,set_230650_ANN_complex_IOA_meta.pkl,"[7, 21, 0.060270443356498594, 37, 10, 16, 'relu']",-5.537243651432079e+18,346.937216,2523.0703125,1811.562240600586
13,set_230650_ANN_complex_SOAnp_meta.pkl,"[8, 25, 0.09845061150872156, 38, 10, 16, 'tanh']",63053.791044765865,639.068693,11965.07421875,9944.64332613032
14,set_230650_ANN_complex_SOAp_meta.pkl,"[8, 25, 0.09845061150872156, 38, 10, 16, 'tanh']",62263.9711368413,668.497314,7895.53125,5846.369933477723
15,set_230650_ANN_simple_IOA_meta.pkl,"[6, 7, 0.012799200568478322, 40, 10, 16, 'relu']",5932.011415557861,310.474429,2297.92578125,1704.2525040064102
16,set_230650_ANN_simple_SOAnp_meta.pkl,"[9, 23, 0.07209531233566215, 29, 10, 16, 'relu']",5953.622013100231,415.254106,3853.28125,3546.8671875
17,set_230650_ANN_simple_SOAp_meta.pkl,"[9, 23, 0.07209531233566215, 29, 10, 16, 'relu']",5957.881307288258,415.270456,3853.28125,3546.80078125
18,set_230650_XGB_complex_IOA_meta.pkl,"{'learning_rate': 0.44247388905513396, 'max_depth': 2, 'subsample': 0.6162376598214434, 'tree_method': 'hist', 'num_target': 6, 'multi_strategy': 'multi_output_tree'}",63233.90766048432,1029.805825,12105.41796875,12081.016395970395
19,set_230650_XGB_complex_SOAnp_meta.pkl,"{'learning_rate': 0.3949525259878204, 'max_depth': 3, 'subsample': 0.41272978990353826, 'tree_method': 'hist', 'num_target': 6, 'multi_strategy': 'multi_output_tree', 'quantile_alpha': 0, 'objective': 'reg:squarederror'}",62905.55741289962,1100.247956,20230.4375,18206.055592105262
20,set_230650_XGB_complex_SOAp_meta.pkl,"{'learning_rate': 0.3949525259878204, 'max_depth': 3, 'subsample': 0.41272978990353826, 'tree_method': 'hist', 'num_target': 6, 'multi_strategy': 'multi_output_tree', 'quantile_alpha': 0, 'objective': 'reg:squarederror'}",62906.76490206311,1097.20545,16191.4453125,14168.09532912234
21,set_230650_XGB_simple_IOA_meta.pkl,"{'learning_rate': 0.17945906932162425, 'max_depth': 3, 'subsample': 0.6462623983622692, 'tree_method': 'hist', 'num_target': 1, 'multi_strategy': 'one_output_per_tree', 'quantile_alpha': 0.8275862068965517, 'objective': 'reg:quantileerror'}",5932.642307891845,234.818126,3566.98046875,3563.527901785714
22,set_230650_XGB_simple_SOAnp_meta.pkl,"{'learning_rate': 0.19877117243895648, 'max_depth': 3, 'subsample': 0.32799519053135073, 'tree_method': 'hist', 'num_target': 1, 'multi_strategy': 'one_output_per_tree', 'quantile_alpha': 0, 'objective': 'reg:squarederror'}",5896.076365985433,232.679845,3632.4140625,3632.29296875
23,set_230650_XGB_simple_SOAp_meta.pkl,"{'learning_rate': 0.19877117243895648, 'max_depth': 3, 'subsample': 0.32799519053135073, 'tree_method': 'hist', 'num_target': 1, 'multi_strategy': 'one_output_per_tree', 'quantile_alpha': 0, 'objective': 'reg:squarederror'}",5896.8839025831385,232.68377,3632.4140625,3632.29296875
24,set_330650_ANN_complex_IOA_meta.pkl,"[2, 19, 0.09017668363910243, 50, 10, 32, 'tanh']",56941.4675576172,403.769531,2832.40625,2072.525010146104
25,set_330650_ANN_complex_SOAnp_meta.pkl,"[2, 9, 0.020913443146629438, 47, 10, 128, 'relu']",63118.801682398,675.784549,11872.05078125,9854.928330592105
26,set_330650_ANN_complex_SOAp_meta.pkl,"[2, 9, 0.020913443146629438, 47, 10, 128, 'relu']",63125.9842809607,690.564515,7799.0625,5767.4919921875
27,set_330650_ANN_simple_IOA_meta.pkl,"[1, 24, 0.03810483185053668, 30, 10, 16, 'relu']",5943.528355407715,300.579267,2165.37890625,1776.0480238970588
28,set_330650_ANN_simple_SOAnp_meta.pkl,"[4, 21, 0.07215534990930861, 10, 10, 16, 'relu']",5932.576908199472,434.778764,3822.953125,3439.33203125
29,set_330650_ANN_simple_SOAp_meta.pkl,"[4, 21, 0.07215534990930861, 10, 10, 16, 'relu']",5934.788370887741,434.778858,3822.953125,3439.27734375
30,set_330650_XGB_complex_IOA_meta.pkl,"{'learning_rate': 0.4087403113600615, 'max_depth': 3, 'subsample': 0.8930910122379566, 'tree_method': 'hist', 'num_target': 6, 'multi_strategy': 'multi_output_tree'}",63319.091682189945,1034.891729,12129.53125,12082.386514945652
31,set_330650_XGB_complex_SOAnp_meta.pkl,"{'learning_rate': 0.42322770825207046, 'max_depth': 4, 'subsample': 0.3168735251990828, 'tree_method': 'hist', 'num_target': 6, 'multi_strategy': 'multi_output_tree', 'quantile_alpha': 0, 'objective': 'reg:squarederror'}",63122.92018549263,1091.689488,20255.6328125,18249.10206117021
32,set_330650_XGB_complex_SOAp_meta.pkl,"{'learning_rate': 0.42322770825207046, 'max_depth': 4, 'subsample': 0.3168735251990828, 'tree_method': 'hist', 'num_target': 6, 'multi_strategy': 'multi_output_tree', 'quantile_alpha': 0, 'objective': 'reg:squarederror'}",63117.46155914611,1071.052153,16242.1796875,14220.327318274456
33,set_330650_XGB_simple_IOA_meta.pkl,"{'learning_rate': 0.3578888339455195, 'max_depth': 3, 'subsample': 0.35212155088575453, 'tree_method': 'hist', 'num_target': 1, 'multi_strategy': 'one_output_per_tree', 'quantile_alpha': 0.8275862068965517, 'objective': 'reg:quantileerror'}",5930.629005279541,216.951997,3559.01171875,3555.31171875
34,set_330650_XGB_simple_SOAnp_meta.pkl,"{'learning_rate': 0.39403939055859405, 'max_depth': 6, 'subsample': 0.7588203154782152, 'tree_method': 'hist', 'num_target': 1, 'multi_strategy': 'one_output_per_tree', 'quantile_alpha': 0, 'objective': 'reg:squarederror'}",5914.961699085948,202.179747,3551.921875,3551.83203125
35,set_330650_XGB_simple_SOAp_meta.pkl,"{'learning_rate': 0.39403939055859405, 'max_depth': 6, 'subsample': 0.7588203154782152, 'tree_method': 'hist', 'num_target': 1, 'multi_strategy': 'one_output_per_tree', 'quantile_alpha': 0, 'objective': 'reg:squarederror'}",5915.275051978924,202.178048,3551.921875,3551.83203125
36,set_4120650_ANN_complex_IOA_meta.pkl,"[0, 11, 0.0903187057570505, 45, 10, 16, 'relu']",63273.32189783478,1192.860023,2818.68359375,2372.3705440900562
37,set_4120650_ANN_complex_SOAnp_meta.pkl,"[4, 8, 0.08525291718347479, 35, 10, 16, 'sigmoid']",63114.604779999994,1246.488929,9985.86328125,7945.7174016497465
38,set_4120650_ANN_complex_SOAp_meta.pkl,"[4, 8, 0.08525291718347479, 35, 10, 16, 'sigmoid']",63104.49899018459,1255.157597,5916.97265625,3861.8584222560976
39,set_4120650_ANN_simple_IOA_meta.pkl,"[9, 8, 0.004268831407641076, 29, 10, 16, 'relu']",5954.256964111327,951.745034,2767.0,2342.9514795434657
40,set_4120650_ANN_simple_SOAnp_meta.pkl,"[3, 23, 0.0027177347519491708, 40, 10, 32, 'sigmoid']",5943.300473189048,980.6563,4261.7890625,3813.7750480611912
41,set_4120650_ANN_simple_SOAp_meta.pkl,"[3, 23, 0.0027177347519491708, 40, 10, 32, 'sigmoid']",5948.089166040015,980.655774,4261.7890625,3813.7750480611912
42,set_4120650_XGB_complex_IOA_meta.pkl,"{'learning_rate': 0.25340559494507653, 'max_depth': 5, 'subsample': 0.8333082627193134, 'tree_method': 'hist', 'num_target': 6, 'multi_strategy': 'multi_output_tree'}",63293.95455596924,586.507837,5739.9609375,5081.679967257957
43,set_4120650_XGB_complex_SOAnp_meta.pkl,"{'learning_rate': 0.47074785545292797, 'max_depth': 4, 'subsample': 0.4337630225252599, 'tree_method': 'hist', 'num_target': 6, 'multi_strategy': 'multi_output_tree', 'quantile_alpha': 0, 'objective': 'reg:squarederror'}",63079.7242670591,338.65852,12787.55078125,10759.67731881649
44,set_4120650_XGB_complex_SOAp_meta.pkl,"{'learning_rate': 0.47074785545292797, 'max_depth': 4, 'subsample': 0.4337630225252599, 'tree_method': 'hist', 'num_target': 6, 'multi_strategy': 'multi_output_tree', 'quantile_alpha': 0, 'objective': 'reg:squarederror'}",63075.19760352212,350.356182,8693.359375,6643.916196842783
45,set_4120650_XGB_simple_IOA_meta.pkl,"{'learning_rate': 0.42189062231560565, 'max_depth': 2, 'subsample': 0.8925335214479546, 'tree_method': 'hist', 'num_target': 1, 'multi_strategy': 'one_output_per_tree', 'quantile_alpha': 0.8275862068965517, 'objective': 'reg:quantileerror'}",5953.478027801512,251.470994,4090.3671875,4048.51296875
46,set_4120650_XGB_simple_SOAnp_meta.pkl,"{'learning_rate': 0.4994045917087667, 'max_depth': 5, 'subsample': 0.316559397942162, 'tree_method': 'hist', 'num_target': 1, 'multi_strategy': 'one_output_per_tree', 'quantile_alpha': 0, 'objective': 'reg:squarederror'}",5912.875242611879,229.353367,4963.140625,4958.671875
47,set_4120650_XGB_simple_SOAp_meta.pkl,"{'learning_rate': 0.4994045917087667, 'max_depth': 5, 'subsample': 0.316559397942162, 'tree_method': 'hist', 'num_target': 1, 'multi_strategy': 'one_output_per_tree', 'quantile_alpha': 0, 'objective': 'reg:squarederror'}",5915.012061505292,229.353902,4963.140625,4958.671875
48,set_4121650_ANN_complex_IOA_meta.pkl,"[2, 17, 0.004323632687105181, 37, 10, 32, 'relu']",63007.32094314575,1243.800081,1907.6328125,1747.7248165246212
49,set_4121650_ANN_complex_SOAnp_meta.pkl,"[8, 12, 0.05158403948640802, 43, 10, 16, 'sigmoid']",62564.65352,1106.432816,11814.36328125,9802.56388608871
50,set_4121650_ANN_complex_SOAp_meta.pkl,"[8, 12, 0.05158403948640802, 43, 10, 16, 'sigmoid']",62528.598055403396,1118.361455,7758.67578125,5683.482603092783
51,set_4121650_ANN_simple_IOA_meta.pkl,"[8, 7, 0.0821212468454238, 37, 10, 64, 'relu']",5878.501211853027,818.193673,3165.09765625,2363.5126884255997
52,set_4121650_ANN_simple_SOAnp_meta.pkl,"[4, 17, 0.0031798072233164315, 50, 10, 16, 'relu']",5856.984915644231,978.395826,4293.9765625,3885.024496734458
53,set_4121650_ANN_simple_SOAp_meta.pkl,"[4, 17, 0.0031798072233164315, 50, 10, 16, 'relu']",5840.9733374365715,978.395531,4293.9765625,3885.024496734458
54,set_4121650_XGB_complex_IOA_meta.pkl,"{'learning_rate': 0.48312511987043993, 'max_depth': 6, 'subsample': 0.692361826438669, 'tree_method': 'hist', 'num_target': 6, 'multi_strategy': 'multi_output_tree'}",63009.9975297699,1174.155552,12660.09765625,12431.888716466896
55,set_4121650_XGB_complex_SOAnp_meta.pkl,"{'learning_rate': 0.3776231982916064, 'max_depth': 6, 'subsample': 0.3903827981397078, 'tree_method': 'hist', 'num_target': 6, 'multi_strategy': 'multi_output_tree', 'quantile_alpha': 0, 'objective': 'reg:squarederror'}",62536.8142321215,1240.778103,20207.94140625,18171.543350883152
56,set_4121650_XGB_complex_SOAp_meta.pkl,"{'learning_rate': 0.3776231982916064, 'max_depth': 6, 'subsample': 0.3903827981397078, 'tree_method': 'hist', 'num_target': 6, 'multi_strategy': 'multi_output_tree', 'quantile_alpha': 0, 'objective': 'reg:squarederror'}",62533.955640865934,1218.840019,16133.47265625,14125.93337912088
57,set_4121650_XGB_simple_IOA_meta.pkl,"{'learning_rate': 0.22862828176053832, 'max_depth': 3, 'subsample': 0.493795098299426, 'tree_method': 'hist', 'num_target': 1, 'multi_strategy': 'one_output_per_tree', 'quantile_alpha': 0.8275862068965517, 'objective': 'reg:quantileerror'}",5870.343422088623,242.048795,3971.16796875,3962.8819719145567
58,set_4121650_XGB_simple_SOAnp_meta.pkl,"{'learning_rate': 0.4992181371655524, 'max_depth': 5, 'subsample': 0.379548802951221, 'tree_method': 'hist', 'num_target': 1, 'multi_strategy': 'one_output_per_tree', 'quantile_alpha': 0, 'objective': 'reg:squarederror'}",5732.274294629206,228.155831,5160.8515625,5097.66796875
59,set_4121650_XGB_simple_SOAp_meta.pkl,"{'learning_rate': 0.4992181371655524, 'max_depth': 5, 'subsample': 0.379548802951221, 'tree_method': 'hist', 'num_target': 1, 'multi_strategy': 'one_output_per_tree', 'quantile_alpha': 0, 'objective': 'reg:squarederror'}",5728.99407980637,228.156086,5160.8515625,5097.66796875
60,set_41920650_ANN_complex_IOA_meta.pkl,"[3, 24, 0.09150568911060034, 40, 10, 64, 'tanh']",5615.561225097619,1177.431833,5811.40625,4656.64365782588
61,set_41920650_ANN_complex_SOAnp_meta.pkl,"[5, 9, 0.047743133274219245, 29, 10, 128, 'tanh']",6311329.337499153,1292.605669,18068.4453125,16053.156207997312
62,set_41920650_ANN_complex_SOAp_meta.pkl,"[5, 9, 0.047743133274219245, 29, 10, 128, 'tanh']",6311164.806283766,1311.179559,14017.9375,11956.911418876263
63,set_41920650_ANN_simple_IOA_meta.pkl,"[5, 15, 0.04865368235558208, 46, 10, 16, 'relu']",5940.816782836913,960.572911,5161.9765625,4103.613271803204
64,set_41920650_ANN_simple_SOAnp_meta.pkl,"[5, 27, 0.04051806226038428, 23, 10, 16, 'tanh']",5943.299461827393,973.512531,7429.34375,6373.4921875
65,set_41920650_ANN_simple_SOAp_meta.pkl,"[5, 27, 0.04051806226038428, 23, 10, 16, 'tanh']",5948.011320143385,973.512942,7429.34375,6373.44921875
66,set_41920650_XGB_complex_IOA_meta.pkl,"{'learning_rate': 0.19751452866970853, 'max_depth': 5, 'subsample': 0.8518979411392895, 'tree_method': 'hist', 'num_target': 6, 'multi_strategy': 'multi_output_tree'}",63287.52378758239,1023.019725,35981.3828125,23482.666889391447
67,set_41920650_XGB_complex_SOAnp_meta.pkl,"{'learning_rate': 0.16895522451230255, 'max_depth': 4, 'subsample': 0.7077366056486656, 'tree_method': 'hist', 'num_target': 6, 'multi_strategy': 'multi_output_tree', 'quantile_alpha': 0, 'objective': 'reg:squarederror'}",6309416.565841598,1617.757309,35714.37109375,29181.806803385418
68,set_41920650_XGB_complex_SOAp_meta.pkl,"{'learning_rate': 0.16895522451230255, 'max_depth': 4, 'subsample': 0.7077366056486656, 'tree_method': 'hist', 'num_target': 6, 'multi_strategy': 'multi_output_tree', 'quantile_alpha': 0, 'objective': 'reg:squarederror'}",6309383.335293084,1614.788075,35714.37109375,26813.97274116848
69,set_41920650_XGB_simple_IOA_meta.pkl,"{'learning_rate': 0.4920372592786084, 'max_depth': 2, 'subsample': 0.6437837586472623, 'tree_method': 'hist', 'num_target': 1, 'multi_strategy': 'one_output_per_tree', 'quantile_alpha': 0.8275862068965517, 'objective': 'reg:quantileerror'}",5950.086623687745,290.194588,14008.9375,11500.824876644738
70,set_41920650_XGB_simple_SOAnp_meta.pkl,"{'learning_rate': 0.47671051868289727, 'max_depth': 3, 'subsample': 0.7324470350938832, 'tree_method': 'hist', 'num_target': 1, 'multi_strategy': 'one_output_per_tree', 'quantile_alpha': 0, 'objective': 'reg:squarederror'}",5915.769323044172,276.856257,14046.60546875,11738.342447916666
71,set_41920650_XGB_simple_SOAp_meta.pkl,"{'learning_rate': 0.47671051868289727, 'max_depth': 3, 'subsample': 0.7324470350938832, 'tree_method': 'hist', 'num_target': 1, 'multi_strategy': 'one_output_per_tree', 'quantile_alpha': 0, 'objective': 'reg:squarederror'}",5922.79482138893,276.856114,14046.60546875,11738.342447916666
72,set_41921650_ANN_complex_IOA_meta.pkl,"[2, 28, 0.0018402660938084076, 40, 10, 16, 'tanh']",62970.57427898407,979.108394,3173.625,2734.265799652399
73,set_41921650_ANN_complex_SOAnp_meta.pkl,"[7, 25, 0.0028439793236049514, 50, 10, 16, 'tanh']",6256760.7386375,929.28916,11249.30078125,9222.592046210106
74,set_41921650_ANN_complex_SOAp_meta.pkl,"[7, 25, 0.0028439793236049514, 50, 10, 16, 'tanh']",6255141.598629767,940.97244,7207.8046875,5118.083984375
75,set_41921650_ANN_simple_IOA_meta.pkl,"[7, 15, 0.0823479280360155, 16, 10, 16, 'relu']",5826.501407165528,744.322443,3566.44921875,2774.9992139496926
76,set_41921650_ANN_simple_SOAnp_meta.pkl,"[7, 20, 0.0034373332590695873, 30, 10, 128, 'relu']",5830.697212856981,873.26776,5074.55859375,4486.2890625
77,set_41921650_ANN_simple_SOAp_meta.pkl,"[7, 20, 0.0034373332590695873, 30, 10, 128, 'relu']",5824.123520021915,873.268278,5074.55859375,4486.2890625
78,set_41921650_XGB_complex_IOA_meta.pkl,"{'learning_rate': 0.42883465180721814, 'max_depth': 5, 'subsample': 0.8970550416684069, 'tree_method': 'hist', 'num_target': 6, 'multi_strategy': 'multi_output_tree'}",62992.68891929626,511.73805,13532.82421875,10436.022664388021
79,set_41921650_XGB_complex_SOAnp_meta.pkl,"{'learning_rate': 0.3709942322100647, 'max_depth': 6, 'subsample': 0.7134016359059836, 'tree_method': 'hist', 'num_target': 6, 'multi_strategy': 'multi_output_tree', 'quantile_alpha': 0, 'objective': 'reg:squarederror'}",6238483.205498288,1236.606023,24908.23828125,20611.67464717742
80,set_41921650_XGB_complex_SOAp_meta.pkl,"{'learning_rate': 0.3709942322100647, 'max_depth': 6, 'subsample': 0.7134016359059836, 'tree_method': 'hist', 'num_target': 6, 'multi_strategy': 'multi_output_tree', 'quantile_alpha': 0, 'objective': 'reg:squarederror'}",6238747.475222547,1219.664423,24908.23828125,16588.38379675197
81,set_41921650_XGB_simple_IOA_meta.pkl,"{'learning_rate': 0.41197929270768396, 'max_depth': 2, 'subsample': 0.826007292093059, 'tree_method': 'hist', 'num_target': 1, 'multi_strategy': 'one_output_per_tree', 'quantile_alpha': 0.8275862068965517, 'objective': 'reg:quantileerror'}",5866.231764068604,229.342412,6770.4140625,6450.912160773027
82,set_41921650_XGB_simple_SOAnp_meta.pkl,"{'learning_rate': 0.38413105048212304, 'max_depth': 5, 'subsample': 0.5313182301746662, 'tree_method': 'hist', 'num_target': 1, 'multi_strategy': 'one_output_per_tree', 'quantile_alpha': 0, 'objective': 'reg:squarederror'}",5814.343718885407,240.761246,7037.5078125,6684.856238162879
83,set_41921650_XGB_simple_SOAp_meta.pkl,"{'learning_rate': 0.38413105048212304, 'max_depth': 5, 'subsample': 0.5313182301746662, 'tree_method': 'hist', 'num_target': 1, 'multi_strategy': 'one_output_per_tree', 'quantile_alpha': 0, 'objective': 'reg:squarederror'}",5813.122646762608,240.761272,7037.5078125,6684.856238162879
84,set_4240650_ANN_complex_IOA_meta.pkl,"[0, 13, 0.024107819399643748, 26, 10, 16, 'tanh']",63269.6886421814,893.179681,2578.16015625,2212.6357756969974
85,set_4240650_ANN_complex_SOAnp_meta.pkl,"[1, 5, 0.0012260805126664352, 45, 10, 16, 'relu']",6310248.164797913,1157.364955,14546.15234375,12519.104532877604
86,set_4240650_ANN_complex_SOAp_meta.pkl,"[1, 5, 0.0012260805126664352, 45, 10, 16, 'relu']",6309062.918996903,1175.080116,10486.203125,8386.876034007353
87,set_4240650_ANN_simple_IOA_meta.pkl,"[2, 11, 0.03856723839061168, 36, 10, 16, 'sigmoid']",5949.288074798584,833.9249,2748.1875,2305.706994448183
88,set_4240650_ANN_simple_SOAnp_meta.pkl,"[9, 21, 0.030781759644047668, 35, 10, 64, 'tanh']",5943.300473189048,948.154814,4111.48046875,3636.7607498769685
89,set_4240650_ANN_simple_SOAp_meta.pkl,"[9, 21, 0.030781759644047668, 35, 10, 64, 'tanh']",5948.122793359349,948.155578,4111.48046875,3636.7607498769685
90,set_4240650_XGB_complex_IOA_meta.pkl,"{'learning_rate': 0.24445063919113008, 'max_depth': 5, 'subsample': 0.7939132330295642, 'tree_method': 'hist', 'num_target': 6, 'multi_strategy': 'multi_output_tree'}",63291.49696071625,616.396755,7765.67578125,6137.772904007523
91,set_4240650_XGB_complex_SOAnp_meta.pkl,"{'learning_rate': 0.3715124622355342, 'max_depth': 6, 'subsample': 0.5684899265619879, 'tree_method': 'hist', 'num_target': 6, 'multi_strategy': 'multi_output_tree', 'quantile_alpha': 0, 'objective': 'reg:squarederror'}",6305011.867376789,1350.665126,25163.00390625,23131.173849126346
92,set_4240650_XGB_complex_SOAp_meta.pkl,"{'learning_rate': 0.3715124622355342, 'max_depth': 6, 'subsample': 0.5684899265619879, 'tree_method': 'hist', 'num_target': 6, 'multi_strategy': 'multi_output_tree', 'quantile_alpha': 0, 'objective': 'reg:squarederror'}",6304908.221430527,1346.42276,21106.58984375,19086.339549731183
93,set_4240650_XGB_simple_IOA_meta.pkl,"{'learning_rate': 0.4749085993271319, 'max_depth': 2, 'subsample': 0.7316609901819262, 'tree_method': 'hist', 'num_target': 1, 'multi_strategy': 'one_output_per_tree', 'quantile_alpha': 0.8275862068965517, 'objective': 'reg:quantileerror'}",5946.618536834716,224.111162,4377.046875,4279.22265625
94,set_4240650_XGB_simple_SOAnp_meta.pkl,"{'learning_rate': 0.26880310910560434, 'max_depth': 4, 'subsample': 0.3353561895837505, 'tree_method': 'hist', 'num_target': 1, 'multi_strategy': 'one_output_per_tree', 'quantile_alpha': 0, 'objective': 'reg:squarederror'}",5931.607756528396,233.932749,5457.5,5429.0546875
95,set_4240650_XGB_simple_SOAp_meta.pkl,"{'learning_rate': 0.26880310910560434, 'max_depth': 4, 'subsample': 0.3353561895837505, 'tree_method': 'hist', 'num_target': 1, 'multi_strategy': 'one_output_per_tree', 'quantile_alpha': 0, 'objective': 'reg:squarederror'}",5936.230344519809,233.932704,5457.5,5429.0546875
96,set_4241650_ANN_complex_IOA_meta.pkl,"[4, 29, 0.011166210857271772, 50, 10, 16, 'relu']",-8.263455612441715e+18,1072.965908,1933.7890625,1770.289761553589
97,set_4241650_ANN_complex_SOAnp_meta.pkl,"[8, 26, 0.005505853987366225, 47, 10, 16, 'sigmoid']",62564.65352,1006.056552,11291.74609375,9257.660996303763
98,set_4241650_ANN_complex_SOAp_meta.pkl,"[8, 26, 0.005505853987366225, 47, 10, 16, 'sigmoid']",62545.010975308986,1022.08953,7204.34765625,5111.469188456633
99,set_4241650_ANN_simple_IOA_meta.pkl,"[9, 5, 0.015146769125186199, 28, 10, 32, 'relu']",-880.1872265625001,1058.729516,2709.78125,2090.0046762125903
100,set_4241650_ANN_simple_SOAnp_meta.pkl,"[8, 25, 0.0004680596045280831, 20, 10, 16, 'relu']",5858.133212318571,1047.824293,2470.55078125,2054.462756134378
101,set_4241650_ANN_simple_SOAp_meta.pkl,"[8, 25, 0.0004680596045280831, 20, 10, 16, 'relu']",5843.024775529491,1047.824241,2470.55078125,2054.462756134378
102,set_4241650_XGB_complex_IOA_meta.pkl,"{'learning_rate': 0.4953051224747362, 'max_depth': 6, 'subsample': 0.7907610480211279, 'tree_method': 'hist', 'num_target': 6, 'multi_strategy': 'multi_output_tree'}",62996.10535590364,372.62909,2321.42578125,1697.7152872543668
103,set_4241650_XGB_complex_SOAnp_meta.pkl,"{'learning_rate': 0.46744447704203473, 'max_depth': 6, 'subsample': 0.4101614083793294, 'tree_method': 'hist', 'num_target': 6, 'multi_strategy': 'multi_output_tree', 'quantile_alpha': 0, 'objective': 'reg:squarederror'}",62295.01840728585,1285.78895,19764.546875,17758.258370535714
104,set_4241650_XGB_complex_SOAp_meta.pkl,"{'learning_rate': 0.46744447704203473, 'max_depth': 6, 'subsample': 0.4101614083793294, 'tree_method': 'hist', 'num_target': 6, 'multi_strategy': 'multi_output_tree', 'quantile_alpha': 0, 'objective': 'reg:squarederror'}",62293.349018620844,1267.734286,15718.19921875,13683.332922894022
105,set_4241650_XGB_simple_IOA_meta.pkl,"{'learning_rate': 0.10254107619462803, 'max_depth': 3, 'subsample': 0.5243508176559154, 'tree_method': 'hist', 'num_target': 1, 'multi_strategy': 'one_output_per_tree', 'quantile_alpha': 0.8275862068965517, 'objective': 'reg:quantileerror'}",5875.16792678833,242.586804,4054.6484375,4028.3396354166666
106,set_4241650_XGB_simple_SOAnp_meta.pkl,"{'learning_rate': 0.4092993052606298, 'max_depth': 6, 'subsample': 0.4287351616532414, 'tree_method': 'hist', 'num_target': 1, 'multi_strategy': 'one_output_per_tree', 'quantile_alpha': 0, 'objective': 'reg:squarederror'}",5769.739452665614,227.772138,5207.453125,5207.453125
107,set_4241650_XGB_simple_SOAp_meta.pkl,"{'learning_rate': 0.4092993052606298, 'max_depth': 6, 'subsample': 0.4287351616532414, 'tree_method': 'hist', 'num_target': 1, 'multi_strategy': 'one_output_per_tree', 'quantile_alpha': 0, 'objective': 'reg:squarederror'}",5771.230522822096,227.772425,5207.44921875,5207.44921875
108,set_430650_ANN_complex_IOA_meta.pkl,"[8, 14, 0.009676112964823996, 42, 10, 32, 'relu']",,737.83764,2769.6953125,2150.957444996106
109,set_430650_ANN_complex_SOAnp_meta.pkl,"[0, 12, 0.05287394354503027, 21, 10, 16, 'sigmoid']",63147.062126111225,1079.52464,10015.5,8082.388773600261
110,set_430650_ANN_complex_SOAp_meta.pkl,"[0, 12, 0.05287394354503027, 21, 10, 16, 'sigmoid']",63139.295638609685,1086.64295,6044.6015625,3932.537286931818
111,set_430650_ANN_simple_IOA_meta.pkl,"[7, 6, 0.0043363948736633426, 48, 10, 32, 'relu']",5972.117869873046,910.938842,2845.05078125,2229.5260851251605
112,set_430650_ANN_simple_SOAnp_meta.pkl,"[5, 16, 0.0004582712197587706, 10, 10, 32, 'relu']",5948.644635203741,945.704321,3690.640625,3505.8064450710754
113,set_430650_ANN_simple_SOAp_meta.pkl,"[5, 16, 0.0004582712197587706, 10, 10, 32, 'relu']",5947.5255007303795,945.704683,3690.640625,3505.8064450710754
114,set_430650_XGB_complex_IOA_meta.pkl,"{'learning_rate': 0.2716608393921369, 'max_depth': 6, 'subsample': 0.5399734649994976, 'tree_method': 'hist', 'num_target': 6, 'multi_strategy': 'multi_output_tree'}",63360.554906188976,569.108265,4289.47265625,4152.676255085059
115,set_430650_XGB_complex_SOAnp_meta.pkl,"{'learning_rate': 0.36031110146218787, 'max_depth': 5, 'subsample': 0.3144652474078184, 'tree_method': 'hist', 'num_target': 6, 'multi_strategy': 'multi_output_tree', 'quantile_alpha': 0, 'objective': 'reg:squarederror'}",63123.829271271126,345.146251,12305.90625,10286.031907894738
116,set_430650_XGB_complex_SOAp_meta.pkl,"{'learning_rate': 0.36031110146218787, 'max_depth': 5, 'subsample': 0.3144652474078184, 'tree_method': 'hist', 'num_target': 6, 'multi_strategy': 'multi_output_tree', 'quantile_alpha': 0, 'objective': 'reg:squarederror'}",63125.92887029845,356.834609,8266.328125,6194.9929296875
117,set_430650_XGB_simple_IOA_meta.pkl,"{'learning_rate': 0.3091650040278182, 'max_depth': 2, 'subsample': 0.3767755645259241, 'tree_method': 'hist', 'num_target': 1, 'multi_strategy': 'one_output_per_tree', 'quantile_alpha': 0.8275862068965517, 'objective': 'reg:quantileerror'}",5962.372288513182,232.242824,3752.16015625,3739.731617647059
118,set_430650_XGB_simple_SOAnp_meta.pkl,"{'learning_rate': 0.3357295976473273, 'max_depth': 3, 'subsample': 0.3029212169823735, 'tree_method': 'hist', 'num_target': 1, 'multi_strategy': 'one_output_per_tree', 'quantile_alpha': 0, 'objective': 'reg:squarederror'}",5951.823314731117,176.578694,4557.0625,4544.4921875
119,set_430650_XGB_simple_SOAp_meta.pkl,"{'learning_rate': 0.3357295976473273, 'max_depth': 3, 'subsample': 0.3029212169823735, 'tree_method': 'hist', 'num_target': 1, 'multi_strategy': 'one_output_per_tree', 'quantile_alpha': 0, 'objective': 'reg:squarederror'}",5953.49723870758,176.578808,4557.0625,4544.4921875
120,set_4306510_ANN_complex_IOA_meta.pkl,"[2, 8, 0.026098060661818957, 46, 10, 32, 'relu']",63424.3250501648,913.667452,2375.29296875,2008.7846498842594
121,set_4306510_ANN_complex_SOAnp_meta.pkl,"[1, 11, 0.005769982030371263, 12, 10, 32, 'relu']",63281.215625583805,1143.477456,11719.1875,9685.17146381579
122,set_4306510_ANN_complex_SOAp_meta.pkl,"[1, 11, 0.005769982030371263, 12, 10, 32, 'relu']",63285.84318750218,1156.56733,7664.64453125,5598.636356314433
123,set_4306510_ANN_simple_IOA_meta.pkl,"[10, 15, 0.0007867398171123622, 35, 10, 16, 'relu']",5946.763421478271,966.681494,2478.3046875,2037.816129178779
124,set_4306510_ANN_simple_SOAnp_meta.pkl,"[7, 23, 0.05191109620178864, 25, 10, 16, 'sigmoid']",5929.084374738811,1067.318991,4345.85546875,3719.964907508161
125,set_4306510_ANN_simple_SOAp_meta.pkl,"[7, 23, 0.05191109620178864, 25, 10, 16, 'sigmoid']",5928.419095320613,1067.319237,4345.85546875,3719.964907508161
126,set_4306510_XGB_complex_IOA_meta.pkl,"{'learning_rate': 0.2762346744048235, 'max_depth': 5, 'subsample': 0.6638176237420299, 'tree_method': 'hist', 'num_target': 6, 'multi_strategy': 'multi_output_tree'}",63442.19842795257,1425.996069,12302.74609375,12164.748256138393
127,set_4306510_XGB_complex_SOAnp_meta.pkl,"{'learning_rate': 0.49248947454073766, 'max_depth': 5, 'subsample': 0.50047227728712, 'tree_method': 'hist', 'num_target': 6, 'multi_strategy': 'multi_output_tree', 'quantile_alpha': 0, 'objective': 'reg:squarederror'}",63280.7775600657,1125.048533,20210.734375,18215.330202792553
128,set_4306510_XGB_complex_SOAp_meta.pkl,"{'learning_rate': 0.49248947454073766, 'max_depth': 5, 'subsample': 0.50047227728712, 'tree_method': 'hist', 'num_target': 6, 'multi_strategy': 'multi_output_tree', 'quantile_alpha': 0, 'objective': 'reg:squarederror'}",63279.1455235637,1104.136537,16147.83984375,14135.92075299202
129,set_4306510_XGB_simple_IOA_meta.pkl,"{'learning_rate': 0.3337963230564127, 'max_depth': 2, 'subsample': 0.6859472795978556, 'tree_method': 'hist', 'num_target': 1, 'multi_strategy': 'one_output_per_tree', 'quantile_alpha': 0.8275862068965517, 'objective': 'reg:quantileerror'}",5937.957174682616,209.025438,3750.75,3740.5051517210145
130,set_4306510_XGB_simple_SOAnp_meta.pkl,"{'learning_rate': 0.4886763544257752, 'max_depth': 6, 'subsample': 0.4153681204974804, 'tree_method': 'hist', 'num_target': 1, 'multi_strategy': 'one_output_per_tree', 'quantile_alpha': 0, 'objective': 'reg:squarederror'}",5915.432570338819,199.202567,4995.81640625,4995.671875
131,set_4306510_XGB_simple_SOAp_meta.pkl,"{'learning_rate': 0.4886763544257752, 'max_depth': 6, 'subsample': 0.4153681204974804, 'tree_method': 'hist', 'num_target': 1, 'multi_strategy': 'one_output_per_tree', 'quantile_alpha': 0, 'objective': 'reg:squarederror'}",5920.714436698491,199.203134,4995.81640625,4995.671875
132,set_4306520_ANN_complex_IOA_meta.pkl,"[4, 16, 0.007377325894065561, 50, 10, 16, 'relu']",64194.7788209317,1294.732678,2564.140625,2208.889046424897
133,set_4306520_ANN_simple_IOA_meta.pkl,"[2, 7, 0.005681891217483533, 27, 10, 32, 'relu']",7606.6478883361815,831.815832,2480.54296875,2067.9670266544117
134,set_4306520_ANN_simple_SOAnp_meta.pkl,"[7, 28, 0.0004703753033109195, 27, 10, 16, 'relu']",7602.7633169727005,1012.024449,4024.0859375,3652.726007044798
135,set_4306520_ANN_simple_SOAp_meta.pkl,"[7, 28, 0.0004703753033109195, 27, 10, 16, 'relu']",7606.219666444487,1012.024106,4024.0859375,3652.726007044798
136,set_4306520_XGB_complex_IOA_meta.pkl,"{'learning_rate': 0.20570155031664064, 'max_depth': 6, 'subsample': 0.8993268329513872, 'tree_method': 'hist', 'num_target': 6, 'multi_strategy': 'multi_output_tree'}",64213.0679539502,518.907704,3675.30859375,3541.236595517113
137,set_4306520_XGB_complex_SOAnp_meta.pkl,"{'learning_rate': 0.32273914375719504, 'max_depth': 4, 'subsample': 0.5274365802875658, 'tree_method': 'hist', 'num_target': 6, 'multi_strategy': 'multi_output_tree', 'quantile_alpha': 0, 'objective': 'reg:squarederror'}",6665203.023051983,509.815941,14813.265625,12783.580477150537
138,set_4306520_XGB_complex_SOAp_meta.pkl,"{'learning_rate': 0.32273914375719504, 'max_depth': 4, 'subsample': 0.5274365802875658, 'tree_method': 'hist', 'num_target': 6, 'multi_strategy': 'multi_output_tree', 'quantile_alpha': 0, 'objective': 'reg:squarederror'}",6665218.486850182,521.438876,10723.1875,8643.024383223685
139,set_4306520_XGB_simple_IOA_meta.pkl,"{'learning_rate': 0.35576193175678894, 'max_depth': 2, 'subsample': 0.47788335634701995, 'tree_method': 'hist', 'num_target': 1, 'multi_strategy': 'one_output_per_tree', 'quantile_alpha': 0.8275862068965517, 'objective': 'reg:quantileerror'}",7608.001615753173,201.11845,3579.6953125,3542.2868868670885
140,set_4306520_XGB_simple_SOAnp_meta.pkl,"{'learning_rate': 0.4150556280342491, 'max_depth': 4, 'subsample': 0.6766228732001436, 'tree_method': 'hist', 'num_target': 1, 'multi_strategy': 'one_output_per_tree', 'quantile_alpha': 0, 'objective': 'reg:squarederror'}",7593.53413436552,196.893918,4780.3671875,4769.015625
141,set_4306520_XGB_simple_SOAp_meta.pkl,"{'learning_rate': 0.4150556280342491, 'max_depth': 4, 'subsample': 0.6766228732001436, 'tree_method': 'hist', 'num_target': 1, 'multi_strategy': 'one_output_per_tree', 'quantile_alpha': 0, 'objective': 'reg:squarederror'}",7585.866090071756,196.893537,4780.3671875,4766.265625
142,set_4306530_ANN_complex_IOA_meta.pkl,"[2, 15, 0.012218105705007894, 39, 10, 32, 'tanh']",64384.70063124268,801.312788,2882.80078125,2305.113673509414
143,set_4306530_ANN_complex_SOAnp_meta.pkl,"[10, 30, 7.817909745589657e-05, 35, 10, 16, 'relu']",7614877.660977112,1233.813776,14265.1015625,12246.027302631579
144,set_4306530_ANN_complex_SOAp_meta.pkl,"[10, 30, 7.817909745589657e-05, 35, 10, 16, 'relu']",7616879.124637857,1261.977072,10221.2734375,8192.126514668367
145,set_4306530_ANN_simple_IOA_meta.pkl,"[7, 20, 0.0005755499959818592, 29, 10, 16, 'relu']",10234.17258331299,955.781222,2593.765625,2192.8007858837486
146,set_4306530_ANN_simple_SOAnp_meta.pkl,"[7, 8, 9.597365976317852e-05, 22, 10, 32, 'relu']",10092.958255528338,1049.148323,3996.6640625,3591.27503065547
147,set_4306530_ANN_simple_SOAp_meta.pkl,"[7, 8, 9.597365976317852e-05, 22, 10, 32, 'relu']",10084.44405594515,1049.148101,3996.6640625,3591.27503065547
148,set_4306530_XGB_complex_IOA_meta.pkl,"{'learning_rate': 0.24440568680900754, 'max_depth': 6, 'subsample': 0.8049090189374488, 'tree_method': 'hist', 'num_target': 6, 'multi_strategy': 'multi_output_tree'}",64607.514611914674,576.445865,4368.81640625,4207.824571793003
149,set_4306530_XGB_complex_SOAnp_meta.pkl,"{'learning_rate': 0.350920423146749, 'max_depth': 6, 'subsample': 0.4687835711986407, 'tree_method': 'hist', 'num_target': 6, 'multi_strategy': 'multi_output_tree', 'quantile_alpha': 0, 'objective': 'reg:squarederror'}",7610783.646587292,1400.091565,23014.953125,21000.290018284573
150,set_4306530_XGB_complex_SOAp_meta.pkl,"{'learning_rate': 0.350920423146749, 'max_depth': 6, 'subsample': 0.4687835711986407, 'tree_method': 'hist', 'num_target': 6, 'multi_strategy': 'multi_output_tree', 'quantile_alpha': 0, 'objective': 'reg:squarederror'}",7611745.39598109,1397.346793,18945.7421875,16920.660322473403
151,set_4306530_XGB_simple_IOA_meta.pkl,"{'learning_rate': 0.3946699332192313, 'max_depth': 2, 'subsample': 0.49521716581383357, 'tree_method': 'hist', 'num_target': 1, 'multi_strategy': 'one_output_per_tree', 'quantile_alpha': 0.8275862068965517, 'objective': 'reg:quantileerror'}",10228.278964233397,222.158787,3580.71484375,3570.296515213816
152,set_4306530_XGB_simple_SOAnp_meta.pkl,"{'learning_rate': 0.48783758349895, 'max_depth': 6, 'subsample': 0.7062151233729056, 'tree_method': 'hist', 'num_target': 1, 'multi_strategy': 'one_output_per_tree', 'quantile_alpha': 0, 'objective': 'reg:squarederror'}",10149.029357895317,216.294958,4704.546875,4690.578125
153,set_4306530_XGB_simple_SOAp_meta.pkl,"{'learning_rate': 0.48783758349895, 'max_depth': 6, 'subsample': 0.7062151233729056, 'tree_method': 'hist', 'num_target': 1, 'multi_strategy': 'one_output_per_tree', 'quantile_alpha': 0, 'objective': 'reg:squarederror'}",10144.293344634212,216.295177,4704.546875,4690.57421875
154,set_4306540_ANN_complex_IOA_meta.pkl,"[5, 17, 0.0010155715373137211, 35, 10, 16, 'relu']",-295797995404712.56,940.718029,5623.1640625,5071.945387068649
155,set_4306540_ANN_complex_SOAnp_meta.pkl,"[3, 23, 0.005763930483892921, 36, 10, 16, 'tanh']",911.8879862417417,1426.561929,14398.578125,12374.822861842105
156,set_4306540_ANN_complex_SOAp_meta.pkl,"[3, 23, 0.005763930483892921, 36, 10, 16, 'tanh']",912.0211260982586,1442.20112,10351.796875,8300.824896364797
157,set_4306540_ANN_simple_IOA_meta.pkl,"[8, 26, 0.0004916977773477005, 35, 10, 16, 'relu']",13422.766366577147,952.799927,2375.12890625,2092.3099596027905
158,set_4306540_ANN_simple_SOAnp_meta.pkl,"[1, 16, 0.003043931455956471, 32, 10, 64, 'relu']",13411.132088232314,778.187091,3729.31640625,3312.173012181332
159,set_4306540_ANN_simple_SOAp_meta.pkl,"[1, 16, 0.003043931455956471, 32, 10, 64, 'relu']",13417.034235146935,778.187311,3729.31640625,3312.173012181332
160,set_4306540_XGB_complex_IOA_meta.pkl,"{'learning_rate': 0.22613588535766072, 'max_depth': 6, 'subsample': 0.8948101514365173, 'tree_method': 'hist', 'num_target': 6, 'multi_strategy': 'multi_output_tree'}",142992.89714234925,787.553817,6817.234375,6569.663443914956
161,set_4306540_XGB_simple_IOA_meta.pkl,"{'learning_rate': 0.1200116866708498, 'max_depth': 3, 'subsample': 0.6472472077683835, 'tree_method': 'hist', 'num_target': 1, 'multi_strategy': 'one_output_per_tree', 'quantile_alpha': 0.8275862068965517, 'objective': 'reg:quantileerror'}",13431.413716125488,194.392778,3380.80078125,3368.9517899525317
162,set_4306540_XGB_simple_SOAnp_meta.pkl,"{'learning_rate': 0.45727551248707404, 'max_depth': 6, 'subsample': 0.5500124907289237, 'tree_method': 'hist', 'num_target': 1, 'multi_strategy': 'one_output_per_tree', 'quantile_alpha': 0, 'objective': 'reg:squarederror'}",13334.752830274798,180.610118,4564.31640625,4564.31640625
163,set_4306540_XGB_simple_SOAp_meta.pkl,"{'learning_rate': 0.45727551248707404, 'max_depth': 6, 'subsample': 0.5500124907289237, 'tree_method': 'hist', 'num_target': 1, 'multi_strategy': 'one_output_per_tree', 'quantile_alpha': 0, 'objective': 'reg:squarederror'}",13334.368563390752,180.609862,4564.31640625,4564.31640625
164,set_4306550_ANN_complex_IOA_meta.pkl,"[2, 14, 0.0070490850914038785, 32, 10, 16, 'tanh']",66889.38452280153,917.312678,2577.75390625,2093.0903230444787
165,set_4306550_ANN_complex_SOAnp_meta.pkl,"[9, 11, 0.0002108722920486016, 33, 10, 64, 'relu']",13189415.172773356,1300.853259,14555.0234375,12506.593957779256
166,set_4306550_ANN_complex_SOAp_meta.pkl,"[9, 11, 0.0002108722920486016, 33, 10, 64, 'relu']",13180627.290994076,1329.92317,10425.92578125,8362.494181315104
167,set_4306550_ANN_simple_IOA_meta.pkl,"[3, 21, 0.0022221949684824893, 38, 10, 16, 'relu']",19029.396488342285,979.289541,2970.5234375,2335.0037374050817
168,set_4306550_ANN_simple_SOAnp_meta.pkl,"[10, 28, 9.050720505446074e-05, 26, 10, 32, 'relu']",19005.471180501478,1057.118045,4393.06640625,3896.1548665364585
169,set_4306550_ANN_simple_SOAp_meta.pkl,"[10, 28, 9.050720505446074e-05, 26, 10, 32, 'relu']",19005.255944327557,1057.118408,4393.06640625,3896.1548665364585
170,set_4306550_XGB_complex_IOA_meta.pkl,"{'learning_rate': 0.2935024102042415, 'max_depth': 5, 'subsample': 0.6879317170916235, 'tree_method': 'hist', 'num_target': 6, 'multi_strategy': 'multi_output_tree'}",66893.88769046785,575.23334,4314.90234375,4186.59356454006
171,set_4306550_XGB_complex_SOAnp_meta.pkl,"{'learning_rate': 0.3230136681623703, 'max_depth': 5, 'subsample': 0.3631001665740303, 'tree_method': 'hist', 'num_target': 6, 'multi_strategy': 'multi_output_tree', 'quantile_alpha': 0, 'objective': 'reg:squarederror'}",13210555.575904157,1679.065509,23189.99609375,21137.553399268618
172,set_4306550_XGB_complex_SOAp_meta.pkl,"{'learning_rate': 0.3230136681623703, 'max_depth': 5, 'subsample': 0.3631001665740303, 'tree_method': 'hist', 'num_target': 6, 'multi_strategy': 'multi_output_tree', 'quantile_alpha': 0, 'objective': 'reg:squarederror'}",13212068.985465568,1673.631476,19110.765625,17090.36714504076
173,set_4306550_XGB_simple_IOA_meta.pkl,"{'learning_rate': 0.2313681451021634, 'max_depth': 3, 'subsample': 0.5389256482077684, 'tree_method': 'hist', 'num_target': 1, 'multi_strategy': 'one_output_per_tree', 'quantile_alpha': 0.8275862068965517, 'objective': 'reg:quantileerror'}",19025.00815841675,246.795278,3974.25390625,3936.3932291666665
174,set_4306550_XGB_simple_SOAnp_meta.pkl,"{'learning_rate': 0.3972700392720758, 'max_depth': 5, 'subsample': 0.8233875729866196, 'tree_method': 'hist', 'num_target': 1, 'multi_strategy': 'one_output_per_tree', 'quantile_alpha': 0, 'objective': 'reg:squarederror'}",18939.60660818055,235.180237,5100.40625,5038.32421875
175,set_4306550_XGB_simple_SOAp_meta.pkl,"{'learning_rate': 0.3972700392720758, 'max_depth': 5, 'subsample': 0.8233875729866196, 'tree_method': 'hist', 'num_target': 1, 'multi_strategy': 'one_output_per_tree', 'quantile_alpha': 0, 'objective': 'reg:squarederror'}",18933.13973328401,235.180902,5100.40625,5038.3203125
176,set_431650_ANN_complex_IOA_meta.pkl,"[1, 12, 0.04115876959366878, 31, 10, 32, 'relu']",-5828587.731484375,967.678203,1870.94140625,1717.8192421192687
177,set_431650_ANN_complex_SOAnp_meta.pkl,"[9, 27, 0.007882455515953592, 28, 10, 16, 'tanh']",625.3518928986678,1463.756401,14264.9140625,12242.10434674202
178,set_431650_ANN_complex_SOAp_meta.pkl,"[9, 27, 0.007882455515953592, 28, 10, 16, 'tanh']",624.9749960062817,1481.436655,10212.68359375,8139.156013257576
179,set_431650_ANN_simple_IOA_meta.pkl,"[6, 11, 0.001639577680399332, 16, 10, 16, 'relu']",5863.9290748596195,780.822274,2526.41015625,2150.0395047169814
180,set_431650_ANN_simple_SOAnp_meta.pkl,"[6, 16, 0.006076835158155949, 50, 10, 64, 'relu']",5853.560181867026,806.802773,3665.68359375,3319.864287311208
181,set_431650_ANN_simple_SOAp_meta.pkl,"[6, 16, 0.006076835158155949, 50, 10, 64, 'relu']",5844.454416333544,806.80227,3665.68359375,3319.864287311208
182,set_431650_XGB_complex_IOA_meta.pkl,"{'learning_rate': 0.4272012226153955, 'max_depth': 6, 'subsample': 0.6967606243435074, 'tree_method': 'hist', 'num_target': 6, 'multi_strategy': 'multi_output_tree'}",63008.53024839784,215.720189,1054.546875,925.0692934782609
183,set_431650_XGB_complex_SOAnp_meta.pkl,"{'learning_rate': 0.17591993146128534, 'max_depth': 2, 'subsample': 0.3549010791166062, 'tree_method': 'hist', 'num_target': 6, 'multi_strategy': 'multi_output_tree', 'quantile_alpha': 0, 'objective': 'reg:squarederror'}",62535.17164858559,230.876908,8902.35546875,6867.903738839285
184,set_431650_XGB_complex_SOAp_meta.pkl,"{'learning_rate': 0.17591993146128534, 'max_depth': 2, 'subsample': 0.3549010791166062, 'tree_method': 'hist', 'num_target': 6, 'multi_strategy': 'multi_output_tree', 'quantile_alpha': 0, 'objective': 'reg:squarederror'}",62537.58371595701,230.945986,4828.94140625,2766.5012109375
185,set_431650_XGB_simple_IOA_meta.pkl,"{'learning_rate': 0.1917842229042339, 'max_depth': 2, 'subsample': 0.43037341641821025, 'tree_method': 'hist', 'num_target': 1, 'multi_strategy': 'one_output_per_tree', 'quantile_alpha': 0.8275862068965517, 'objective': 'reg:quantileerror'}",5879.991734771728,229.910539,3267.11328125,3258.034363677536
186,set_431650_XGB_simple_SOAnp_meta.pkl,"{'learning_rate': 0.4140012550031632, 'max_depth': 3, 'subsample': 0.41129174376298583, 'tree_method': 'hist', 'num_target': 1, 'multi_strategy': 'one_output_per_tree', 'quantile_alpha': 0, 'objective': 'reg:squarederror'}",5855.823631661796,187.314888,4474.45703125,4472.02734375
187,set_431650_XGB_simple_SOAp_meta.pkl,"{'learning_rate': 0.4140012550031632, 'max_depth': 3, 'subsample': 0.41129174376298583, 'tree_method': 'hist', 'num_target': 1, 'multi_strategy': 'one_output_per_tree', 'quantile_alpha': 0, 'objective': 'reg:squarederror'}",5858.397348356262,187.31513,4474.45703125,4472.02734375
188,set_43841650_ANN_complex_IOA_meta.pkl,"[1, 11, 0.017737726746497297, 11, 10, 64, 'tanh']",62946.49618890381,1119.906058,9203.765625,8052.2165998599
189,set_43841650_ANN_simple_IOA_meta.pkl,"[6, 17, 0.008330775028989061, 23, 10, 16, 'relu']",5838.826822967529,864.516995,4663.21484375,3775.0655460654143
190,set_43841650_ANN_simple_SOAnp_meta.pkl,"[1, 24, 0.014647075343313174, 19, 10, 32, 'sigmoid']",5783.5870793773765,828.703917,6806.63671875,5815.52734375
191,set_43841650_ANN_simple_SOAp_meta.pkl,"[1, 24, 0.014647075343313174, 19, 10, 32, 'sigmoid']",5764.854805623523,828.704012,6806.63671875,5815.484375
192,set_43841650_XGB_complex_IOA_meta.pkl,"{'learning_rate': 0.46963445698705614, 'max_depth': 5, 'subsample': 0.7003655586431058, 'tree_method': 'hist', 'num_target': 6, 'multi_strategy': 'multi_output_tree'}",62981.619393730165,935.290048,29948.4765625,19587.858390666446
193,set_43841650_XGB_simple_IOA_meta.pkl,"{'learning_rate': 0.4874350037124839, 'max_depth': 2, 'subsample': 0.8532915393181452, 'tree_method': 'hist', 'num_target': 1, 'multi_strategy': 'one_output_per_tree', 'quantile_alpha': 0.8275862068965517, 'objective': 'reg:quantileerror'}",5858.365568695069,280.974767,10248.74609375,9287.192632630815
194,set_43841650_XGB_simple_SOAnp_meta.pkl,"{'learning_rate': 0.4978049403956986, 'max_depth': 6, 'subsample': 0.5013219808663522, 'tree_method': 'hist', 'num_target': 1, 'multi_strategy': 'one_output_per_tree', 'quantile_alpha': 0, 'objective': 'reg:squarederror'}",5749.078359040227,315.804491,12832.953125,10246.99127435065
195,set_43841650_XGB_simple_SOAp_meta.pkl,"{'learning_rate': 0.4978049403956986, 'max_depth': 6, 'subsample': 0.5013219808663522, 'tree_method': 'hist', 'num_target': 1, 'multi_strategy': 'one_output_per_tree', 'quantile_alpha': 0, 'objective': 'reg:squarederror'}",5752.811727756904,315.804601,12832.953125,10246.99127435065
196,set_4480650_ANN_complex_IOA_meta.pkl,"[0, 1, 0.01348934461685497, 41, 10, 16, 'tanh']",63266.41733296966,900.574511,3086.30078125,2646.2526421836983
197,set_4480650_ANN_complex_SOAnp_meta.pkl,"[2, 7, 0.09359081172337431, 19, 10, 16, 'tanh']",6311279.479582276,1144.315497,15152.1484375,13125.716817876344
198,set_4480650_ANN_complex_SOAp_meta.pkl,"[2, 7, 0.09359081172337431, 19, 10, 16, 'tanh']",6310588.299780981,1175.503341,11104.3984375,8995.324494949495
199,set_4480650_ANN_simple_IOA_meta.pkl,"[4, 26, 0.06481600130133017, 41, 10, 16, 'relu']",5949.470957946777,848.141261,3146.1328125,2548.8250558035716
200,set_4480650_ANN_simple_SOAnp_meta.pkl,"[3, 15, 0.007261878547348403, 27, 10, 32, 'sigmoid']",5943.300473189048,891.799611,4729.05078125,4094.8557916243226
201,set_4480650_ANN_simple_SOAp_meta.pkl,"[3, 15, 0.007261878547348403, 27, 10, 32, 'sigmoid']",5948.092063684056,891.799794,4729.05078125,4094.8557916243226
202,set_4480650_XGB_complex_IOA_meta.pkl,"{'learning_rate': 0.23345838801645488, 'max_depth': 5, 'subsample': 0.7205498701641353, 'tree_method': 'hist', 'num_target': 6, 'multi_strategy': 'multi_output_tree'}",63290.06708898926,711.195743,13749.30078125,10405.556562169662
203,set_4480650_XGB_complex_SOAnp_meta.pkl,"{'learning_rate': 0.36136155551525106, 'max_depth': 5, 'subsample': 0.5166953139829406, 'tree_method': 'hist', 'num_target': 6, 'multi_strategy': 'multi_output_tree', 'quantile_alpha': 0, 'objective': 'reg:squarederror'}",63080.518258649296,383.124301,15662.0859375,13634.77302631579
204,set_4480650_XGB_complex_SOAp_meta.pkl,"{'learning_rate': 0.36136155551525106, 'max_depth': 5, 'subsample': 0.5166953139829406, 'tree_method': 'hist', 'num_target': 6, 'multi_strategy': 'multi_output_tree', 'quantile_alpha': 0, 'objective': 'reg:squarederror'}",63077.47515312044,394.243645,11605.1640625,9526.7741015625
205,set_4480650_XGB_simple_IOA_meta.pkl,"{'learning_rate': 0.1884716708589667, 'max_depth': 3, 'subsample': 0.7646979431809432, 'tree_method': 'hist', 'num_target': 1, 'multi_strategy': 'one_output_per_tree', 'quantile_alpha': 0.8275862068965517, 'objective': 'reg:quantileerror'}",5952.318796081542,238.574722,5505.08203125,5319.591049382716
206,set_4480650_XGB_simple_SOAnp_meta.pkl,"{'learning_rate': 0.4962393503359204, 'max_depth': 5, 'subsample': 0.8892057521861964, 'tree_method': 'hist', 'num_target': 1, 'multi_strategy': 'one_output_per_tree', 'quantile_alpha': 0, 'objective': 'reg:squarederror'}",5909.166458819066,214.772256,6847.76171875,6306.718566894531
207,set_4480650_XGB_simple_SOAp_meta.pkl,"{'learning_rate': 0.4962393503359204, 'max_depth': 5, 'subsample': 0.8892057521861964, 'tree_method': 'hist', 'num_target': 1, 'multi_strategy': 'one_output_per_tree', 'quantile_alpha': 0, 'objective': 'reg:squarederror'}",5909.859936062266,214.772018,6847.76171875,6306.718566894531
208,set_4481650_ANN_complex_IOA_meta.pkl,"[4, 17, 0.004992721031187845, 31, 10, 16, 'relu']",-2167816798480056.0,1133.080545,2296.703125,2010.6558443931244
209,set_4481650_ANN_complex_SOAnp_meta.pkl,"[4, 25, 0.005442925580904471, 17, 10, 32, 'tanh']",62564.65401359352,1224.57871,10188.9609375,8285.046434294873
210,set_4481650_ANN_complex_SOAp_meta.pkl,"[4, 25, 0.005442925580904471, 17, 10, 32, 'tanh']",62554.43785007528,1229.653603,6184.34375,4058.0529012248744
211,set_4481650_ANN_simple_IOA_meta.pkl,"[10, 16, 0.002111935566075053, 45, 10, 128, 'relu']",5854.126809692383,852.09595,3461.546875,2558.7456948358754
212,set_4481650_ANN_simple_SOAnp_meta.pkl,"[2, 11, 0.0028460512457911154, 16, 10, 16, 'relu']",5846.617494245269,916.782655,4645.78515625,4169.147738304364
213,set_4481650_ANN_simple_SOAp_meta.pkl,"[2, 11, 0.0028460512457911154, 16, 10, 16, 'relu']",5842.933028345943,916.782945,4645.78515625,4169.147738304364
214,set_4481650_XGB_complex_IOA_meta.pkl,"{'learning_rate': 0.3879214523443092, 'max_depth': 6, 'subsample': 0.7475188536270528, 'tree_method': 'hist', 'num_target': 6, 'multi_strategy': 'multi_output_tree'}",63004.94728987121,515.879296,3944.12890625,2733.325556144068
215,set_4481650_XGB_complex_SOAnp_meta.pkl,"{'learning_rate': 0.49405669514178135, 'max_depth': 6, 'subsample': 0.49173151755701866, 'tree_method': 'hist', 'num_target': 6, 'multi_strategy': 'multi_output_tree', 'quantile_alpha': 0, 'objective': 'reg:squarederror'}",62356.05569936608,308.578049,9525.04296875,7503.660500323835
216,set_4481650_XGB_complex_SOAp_meta.pkl,"{'learning_rate': 0.49405669514178135, 'max_depth': 6, 'subsample': 0.49173151755701866, 'tree_method': 'hist', 'num_target': 6, 'multi_strategy': 'multi_output_tree', 'quantile_alpha': 0, 'objective': 'reg:squarederror'}",62362.39262290151,310.439325,5449.46484375,3386.5948828125
217,set_4481650_XGB_simple_IOA_meta.pkl,"{'learning_rate': 0.3338896333172897, 'max_depth': 2, 'subsample': 0.7935725482082912, 'tree_method': 'hist', 'num_target': 1, 'multi_strategy': 'one_output_per_tree', 'quantile_alpha': 0.8275862068965517, 'objective': 'reg:quantileerror'}",5873.573145904541,280.58096,4717.046875,4655.163411458333
218,set_4481650_XGB_simple_SOAnp_meta.pkl,"{'learning_rate': 0.4764503389692133, 'max_depth': 5, 'subsample': 0.307011392482356, 'tree_method': 'hist', 'num_target': 1, 'multi_strategy': 'one_output_per_tree', 'quantile_alpha': 0, 'objective': 'reg:squarederror'}",5722.081951301727,273.888638,5788.68359375,5759.9375
219,set_4481650_XGB_simple_SOAp_meta.pkl,"{'learning_rate': 0.4764503389692133, 'max_depth': 5, 'subsample': 0.307011392482356, 'tree_method': 'hist', 'num_target': 1, 'multi_strategy': 'one_output_per_tree', 'quantile_alpha': 0, 'objective': 'reg:squarederror'}",5737.842900760001,273.888711,5788.68359375,5758.04296875
220,set_460650_ANN_complex_IOA_meta.pkl,"[0, 21, 0.03216479812731842, 36, 10, 32, 'sigmoid']",63213.20923608398,762.110637,2357.5078125,2028.4079084227071
221,set_460650_ANN_complex_SOAnp_meta.pkl,"[1, 21, 0.019778134412716444, 47, 10, 16, 'sigmoid']",63047.7435325071,1122.694918,9748.9765625,7728.253153483073
222,set_460650_ANN_complex_SOAp_meta.pkl,"[1, 21, 0.019778134412716444, 47, 10, 16, 'sigmoid']",63033.33896859487,1128.675908,5683.78515625,3620.486171875
223,set_460650_ANN_simple_IOA_meta.pkl,"[8, 8, 0.004232020126760402, 34, 10, 16, 'relu']",5928.762501525879,1055.740592,2734.9609375,2305.2076152830446
224,set_460650_ANN_simple_SOAnp_meta.pkl,"[0, 12, 0.0888270951505025, 45, 10, 16, 'tanh']",5932.292625862411,1250.504621,4368.15234375,3859.3825461647725
225,set_460650_ANN_simple_SOAp_meta.pkl,"[0, 12, 0.0888270951505025, 45, 10, 16, 'tanh']",5930.55317797459,1250.504773,4368.15234375,3859.3825461647725
226,set_460650_XGB_complex_IOA_meta.pkl,"{'learning_rate': 0.3154346300264762, 'max_depth': 5, 'subsample': 0.8049070592688217, 'tree_method': 'hist', 'num_target': 6, 'multi_strategy': 'multi_output_tree'}",63251.64556375121,531.374294,4121.671875,3757.915575635302
227,set_460650_XGB_complex_SOAnp_meta.pkl,"{'learning_rate': 0.4407613302727677, 'max_depth': 6, 'subsample': 0.3451499902533996, 'tree_method': 'hist', 'num_target': 6, 'multi_strategy': 'multi_output_tree', 'quantile_alpha': 0, 'objective': 'reg:squarederror'}",62914.544185983126,244.007408,9502.78125,7473.4319711538465
228,set_460650_XGB_complex_SOAp_meta.pkl,"{'learning_rate': 0.4407613302727677, 'max_depth': 6, 'subsample': 0.3451499902533996, 'tree_method': 'hist', 'num_target': 6, 'multi_strategy': 'multi_output_tree', 'quantile_alpha': 0, 'objective': 'reg:squarederror'}",62912.59758672237,246.303263,5421.84765625,3363.112484452736
229,set_460650_XGB_simple_IOA_meta.pkl,"{'learning_rate': 0.4622572663311446, 'max_depth': 2, 'subsample': 0.8981836926997044, 'tree_method': 'hist', 'num_target': 1, 'multi_strategy': 'one_output_per_tree', 'quantile_alpha': 0.8275862068965517, 'objective': 'reg:quantileerror'}",5939.587823028564,265.73794,3962.01171875,3951.5149739583335
230,set_460650_XGB_simple_SOAnp_meta.pkl,"{'learning_rate': 0.49124312726008273, 'max_depth': 5, 'subsample': 0.89922740010816, 'tree_method': 'hist', 'num_target': 1, 'multi_strategy': 'one_output_per_tree', 'quantile_alpha': 0, 'objective': 'reg:squarederror'}",5895.012381822612,235.846407,5000.16015625,4941.16796875
231,set_460650_XGB_simple_SOAp_meta.pkl,"{'learning_rate': 0.49124312726008273, 'max_depth': 5, 'subsample': 0.89922740010816, 'tree_method': 'hist', 'num_target': 1, 'multi_strategy': 'one_output_per_tree', 'quantile_alpha': 0, 'objective': 'reg:squarederror'}",5896.118147634764,235.846824,5000.16015625,4941.16796875
232,set_461650_ANN_complex_IOA_meta.pkl,"[2, 25, 0.048676269558543594, 45, 10, 16, 'relu']",-2886442716818.7197,1109.68205,1899.34375,1703.431376389546
233,set_461650_ANN_complex_SOAnp_meta.pkl,"[10, 24, 0.04971660860755064, 24, 10, 32, 'tanh']",6256760.768729678,874.742326,10490.625,8447.570561835106
234,set_461650_ANN_complex_SOAp_meta.pkl,"[10, 24, 0.04971660860755064, 24, 10, 32, 'tanh']",6253969.72840151,888.098692,6402.37109375,4309.321747448979
235,set_461650_ANN_simple_IOA_meta.pkl,"[10, 28, 0.003464956550889376, 37, 10, 32, 'relu']",5880.837447509766,1026.312653,3184.6484375,2474.5263671875
236,set_461650_ANN_simple_SOAnp_meta.pkl,"[2, 22, 0.06779468839177395, 38, 10, 64, 'relu']",5843.760904327094,818.165256,4218.38671875,3820.7913503535774
237,set_461650_ANN_simple_SOAp_meta.pkl,"[2, 22, 0.06779468839177395, 38, 10, 64, 'relu']",5823.88976867106,818.165684,4218.38671875,3820.7913503535774
238,set_461650_XGB_complex_IOA_meta.pkl,"{'learning_rate': 0.49467212357138185, 'max_depth': 6, 'subsample': 0.5633179772738259, 'tree_method': 'hist', 'num_target': 6, 'multi_strategy': 'multi_output_tree'}",63000.46130467987,230.303285,1289.83984375,1072.1127816133721
239,set_461650_XGB_complex_SOAnp_meta.pkl,"{'learning_rate': 0.4971950378459117, 'max_depth': 6, 'subsample': 0.4359708705155046, 'tree_method': 'hist', 'num_target': 6, 'multi_strategy': 'multi_output_tree', 'quantile_alpha': 0, 'objective': 'reg:squarederror'}",6236701.32607392,1071.976562,19223.6796875,17201.051999327956
240,set_461650_XGB_complex_SOAp_meta.pkl,"{'learning_rate': 0.4971950378459117, 'max_depth': 6, 'subsample': 0.4359708705155046, 'tree_method': 'hist', 'num_target': 6, 'multi_strategy': 'multi_output_tree', 'quantile_alpha': 0, 'objective': 'reg:squarederror'}",6236446.597545253,1051.004972,15131.71875,13107.957837975544
241,set_461650_XGB_simple_IOA_meta.pkl,"{'learning_rate': 0.15113998125388003, 'max_depth': 3, 'subsample': 0.5804913832828339, 'tree_method': 'hist', 'num_target': 1, 'multi_strategy': 'one_output_per_tree', 'quantile_alpha': 0.8275862068965517, 'objective': 'reg:quantileerror'}",5880.6443809509265,255.315002,4017.625,3964.235958614865
242,set_461650_XGB_simple_SOAnp_meta.pkl,"{'learning_rate': 0.4950986321787398, 'max_depth': 6, 'subsample': 0.7486588003113205, 'tree_method': 'hist', 'num_target': 1, 'multi_strategy': 'one_output_per_tree', 'quantile_alpha': 0, 'objective': 'reg:squarederror'}",5801.6654095202775,232.213744,5228.07421875,5228.07421875
243,set_461650_XGB_simple_SOAp_meta.pkl,"{'learning_rate': 0.4950986321787398, 'max_depth': 6, 'subsample': 0.7486588003113205, 'tree_method': 'hist', 'num_target': 1, 'multi_strategy': 'one_output_per_tree', 'quantile_alpha': 0, 'objective': 'reg:squarederror'}",5805.736870595856,232.214028,5228.0703125,5228.0703125
244,set_4960650_ANN_complex_IOA_meta.pkl,"[2, 21, 0.0175056465745636, 30, 10, 64, 'sigmoid']",11764.081367187502,1280.946581,4113.1484375,3373.29275704764
245,set_4960650_ANN_complex_SOAnp_meta.pkl,"[9, 27, 0.0027022618497434753, 40, 10, 16, 'tanh']",6311329.3380915485,1533.916981,16675.421875,14655.317819148937
246,set_4960650_ANN_complex_SOAp_meta.pkl,"[9, 27, 0.0027022618497434753, 40, 10, 16, 'tanh']",6310858.832144686,1566.510192,12621.87890625,10563.048966224747
247,set_4960650_ANN_simple_IOA_meta.pkl,"[10, 24, 0.00616596373297927, 35, 10, 16, 'relu']",5942.487001342773,963.156816,4092.03515625,3361.6030123374703
248,set_4960650_ANN_simple_SOAnp_meta.pkl,"[5, 24, 0.03843292796286219, 21, 10, 64, 'sigmoid']",5943.300473189048,978.814186,6138.609375,5289.48046875
249,set_4960650_ANN_simple_SOAp_meta.pkl,"[5, 24, 0.03843292796286219, 21, 10, 64, 'sigmoid']",5948.107691735813,978.814422,6138.609375,5289.41796875
250,set_4960650_XGB_complex_IOA_meta.pkl,"{'learning_rate': 0.2141469092250706, 'max_depth': 5, 'subsample': 0.7888908679601825, 'tree_method': 'hist', 'num_target': 6, 'multi_strategy': 'multi_output_tree'}",63290.984129837045,840.87554,21844.08203125,14892.781439129423
251,set_4960650_XGB_complex_SOAnp_meta.pkl,"{'learning_rate': 0.17630883663989455, 'max_depth': 6, 'subsample': 0.8980038546147788, 'tree_method': 'hist', 'num_target': 6, 'multi_strategy': 'multi_output_tree', 'quantile_alpha': 0, 'objective': 'reg:squarederror'}",63113.12744487143,517.61093,21870.56640625,15294.654296875
252,set_4960650_XGB_complex_SOAp_meta.pkl,"{'learning_rate': 0.17630883663989455, 'max_depth': 6, 'subsample': 0.8980038546147788, 'tree_method': 'hist', 'num_target': 6, 'multi_strategy': 'multi_output_tree', 'quantile_alpha': 0, 'objective': 'reg:squarederror'}",63112.14809660116,532.205272,21870.56640625,11979.232054924243
253,set_4960650_XGB_simple_IOA_meta.pkl,"{'learning_rate': 0.45760106356951114, 'max_depth': 2, 'subsample': 0.7249084549674638, 'tree_method': 'hist', 'num_target': 1, 'multi_strategy': 'one_output_per_tree', 'quantile_alpha': 0.8275862068965517, 'objective': 'reg:quantileerror'}",5954.8074679565425,329.256253,8472.23828125,7444.434007352941
254,set_4960650_XGB_simple_SOAnp_meta.pkl,"{'learning_rate': 0.3351176382335591, 'max_depth': 4, 'subsample': 0.30665966316166915, 'tree_method': 'hist', 'num_target': 1, 'multi_strategy': 'one_output_per_tree', 'quantile_alpha': 0, 'objective': 'reg:squarederror'}",5932.965653364011,306.441785,8663.625,8227.04826536017
255,set_4960650_XGB_simple_SOAp_meta.pkl,"{'learning_rate': 0.3351176382335591, 'max_depth': 4, 'subsample': 0.30665966316166915, 'tree_method': 'hist', 'num_target': 1, 'multi_strategy': 'one_output_per_tree', 'quantile_alpha': 0, 'objective': 'reg:squarederror'}",5935.053163333794,306.441898,8663.625,8227.04826536017
256,set_4961650_ANN_complex_IOA_meta.pkl,"[1, 23, 0.03429779697706256, 23, 10, 128, 'sigmoid']",62964.19304683687,1280.285797,2924.81640625,2412.5303333946595
257,set_4961650_ANN_complex_SOAnp_meta.pkl,"[3, 25, 0.032397594942029956, 33, 10, 16, 'tanh']",62565.88835814002,995.40812,10039.19140625,8069.800226046954
258,set_4961650_ANN_complex_SOAp_meta.pkl,"[3, 25, 0.032397594942029956, 33, 10, 16, 'tanh']",62537.43851345037,1000.923814,6040.42578125,3991.6364466728855
259,set_4961650_ANN_simple_IOA_meta.pkl,"[4, 7, 0.047962718282852465, 39, 10, 32, 'relu']",5865.260821838378,910.335784,3112.86328125,2536.491881219843
260,set_4961650_ANN_simple_SOAnp_meta.pkl,"[10, 19, 0.09794773246421506, 36, 10, 16, 'tanh']",5854.176167488514,947.060067,4809.1875,4199.125
261,set_4961650_ANN_simple_SOAp_meta.pkl,"[10, 19, 0.09794773246421506, 36, 10, 16, 'tanh']",5842.113280150345,947.059838,4809.1875,4199.0703125
262,set_4961650_XGB_complex_IOA_meta.pkl,"{'learning_rate': 0.4435105658171856, 'max_depth': 6, 'subsample': 0.7240887516670264, 'tree_method': 'hist', 'num_target': 6, 'multi_strategy': 'multi_output_tree'}",63005.28206312562,744.887918,7706.578125,4814.159353188452
263,set_4961650_XGB_complex_SOAnp_meta.pkl,"{'learning_rate': 0.45993517986209986, 'max_depth': 6, 'subsample': 0.6811004935376872, 'tree_method': 'hist', 'num_target': 6, 'multi_strategy': 'multi_output_tree', 'quantile_alpha': 0, 'objective': 'reg:squarederror'}",62464.74612212075,350.972325,10208.93359375,8932.231318814767
264,set_4961650_XGB_complex_SOAp_meta.pkl,"{'learning_rate': 0.45993517986209986, 'max_depth': 6, 'subsample': 0.6811004935376872, 'tree_method': 'hist', 'num_target': 6, 'multi_strategy': 'multi_output_tree', 'quantile_alpha': 0, 'objective': 'reg:squarederror'}",62474.34230057796,352.824187,6977.66796875,4902.8070703125
265,set_4961650_XGB_simple_IOA_meta.pkl,"{'learning_rate': 0.21966801982411407, 'max_depth': 3, 'subsample': 0.8981909553854792, 'tree_method': 'hist', 'num_target': 1, 'multi_strategy': 'one_output_per_tree', 'quantile_alpha': 0.8275862068965517, 'objective': 'reg:quantileerror'}",5860.402504577638,255.123385,5386.86328125,5218.027658045977
266,set_4961650_XGB_simple_SOAnp_meta.pkl,"{'learning_rate': 0.4598427575429156, 'max_depth': 6, 'subsample': 0.6658534387666587, 'tree_method': 'hist', 'num_target': 1, 'multi_strategy': 'one_output_per_tree', 'quantile_alpha': 0, 'objective': 'reg:squarederror'}",5786.728534706016,295.674715,6211.96875,6198.234375
267,set_4961650_XGB_simple_SOAp_meta.pkl,"{'learning_rate': 0.4598427575429156, 'max_depth': 6, 'subsample': 0.6658534387666587, 'tree_method': 'hist', 'num_target': 1, 'multi_strategy': 'one_output_per_tree', 'quantile_alpha': 0, 'objective': 'reg:squarederror'}",5787.718379059736,295.674715,6211.96875,6198.234375
268,set_5306100_ANN_complex_IOA_meta.pkl,"[2, 27, 0.0023279481321398223, 35, 10, 32, 'relu']",63238.330938972475,5061.014402,2587.44921875,2329.3855734191484
269,set_5306100_ANN_complex_SOAnp_meta.pkl,"[8, 28, 0.001245121849885197, 44, 10, 128, 'sigmoid']",62979.076539999995,7441.781395,10183.0390625,8479.2215689433
270,set_5306100_ANN_complex_SOAp_meta.pkl,"[8, 28, 0.001245121849885197, 44, 10, 128, 'sigmoid']",62979.36811570724,7448.759548,6477.50390625,4385.758171237245
271,set_5306100_ANN_simple_IOA_meta.pkl,"[6, 14, 0.008297680637691672, 28, 10, 128, 'relu']",5972.852289581299,4553.217575,2812.140625,2318.2355716073093
272,set_5306100_ANN_simple_SOAnp_meta.pkl,"[1, 8, 0.00021316501471039812, 44, 10, 16, 'sigmoid']",5944.045156270891,6703.533182,4397.7265625,3892.7266429893753
273,set_5306100_ANN_simple_SOAp_meta.pkl,"[1, 8, 0.00021316501471039812, 44, 10, 16, 'sigmoid']",5938.206837978186,6703.533181,4397.7265625,3892.7266429893753
274,set_5306100_XGB_complex_IOA_meta.pkl,"{'learning_rate': 0.47714404646938424, 'max_depth': 6, 'subsample': 0.8322894748829925, 'tree_method': 'hist', 'num_target': 6, 'multi_strategy': 'multi_output_tree'}",63233.27445996857,2254.106753,5178.83984375,5015.493711041852
275,set_5306100_XGB_complex_SOAnp_meta.pkl,"{'learning_rate': 0.4052688089070878, 'max_depth': 3, 'subsample': 0.31067207099179933, 'tree_method': 'hist', 'num_target': 6, 'multi_strategy': 'multi_output_tree', 'quantile_alpha': 0, 'objective': 'reg:squarederror'}",63003.62897958198,328.601081,12780.7890625,10740.939993351063
276,set_5306100_XGB_complex_SOAp_meta.pkl,"{'learning_rate': 0.4052688089070878, 'max_depth': 3, 'subsample': 0.31067207099179933, 'tree_method': 'hist', 'num_target': 6, 'multi_strategy': 'multi_output_tree', 'quantile_alpha': 0, 'objective': 'reg:squarederror'}",62999.76352089294,339.345306,8704.19140625,6632.422233737245
277,set_5306100_XGB_simple_IOA_meta.pkl,"{'learning_rate': 0.19678205919208747, 'max_depth': 3, 'subsample': 0.6964379226944515, 'tree_method': 'hist', 'num_target': 1, 'multi_strategy': 'one_output_per_tree', 'quantile_alpha': 0.8275862068965517, 'objective': 'reg:quantileerror'}",5975.814799957276,264.5249,4100.56640625,4077.7971875
278,set_5306100_XGB_simple_SOAnp_meta.pkl,"{'learning_rate': 0.3140551315539813, 'max_depth': 4, 'subsample': 0.743690108285745, 'tree_method': 'hist', 'num_target': 1, 'multi_strategy': 'one_output_per_tree', 'quantile_alpha': 0, 'objective': 'reg:squarederror'}",5935.6624955902025,234.324043,107972.32421875,11103.743980532787
279,set_5306100_XGB_simple_SOAp_meta.pkl,"{'learning_rate': 0.3140551315539813, 'max_depth': 4, 'subsample': 0.743690108285745, 'tree_method': 'hist', 'num_target': 1, 'multi_strategy': 'one_output_per_tree', 'quantile_alpha': 0, 'objective': 'reg:squarederror'}",5938.779995394265,234.323998,107972.32421875,11103.743980532787
280,set_5306150_ANN_complex_IOA_meta.pkl,"[3, 18, 0.016660191048114177, 37, 10, 32, 'relu']",63316.70630872345,5821.780131,2467.66796875,2204.3900715916106
281,set_5306150_ANN_complex_SOAnp_meta.pkl,"[7, 10, 0.00022539447072463274, 25, 10, 16, 'sigmoid']",6294590.33326,6173.460575,14987.46484375,12981.313996010638
282,set_5306150_ANN_complex_SOAp_meta.pkl,"[7, 10, 0.00022539447072463274, 25, 10, 16, 'sigmoid']",6295246.123464068,6193.242383,10931.09765625,8824.22025835396
283,set_5306150_ANN_simple_IOA_meta.pkl,"[3, 18, 0.0007588399794599414, 24, 10, 32, 'relu']",5972.0260412597645,5625.709278,3003.5234375,2564.380013463719
284,set_5306150_ANN_simple_SOAnp_meta.pkl,"[9, 21, 0.07961373490327166, 37, 10, 16, 'tanh']",5930.461499086479,4157.546125,4867.94140625,4207.048413952054
285,set_5306150_ANN_simple_SOAp_meta.pkl,"[9, 21, 0.07961373490327166, 37, 10, 16, 'tanh']",5934.151659271994,4157.545766,4867.94140625,4207.048413952054
286,set_5306150_XGB_complex_IOA_meta.pkl,"{'learning_rate': 0.49801338284654045, 'max_depth': 6, 'subsample': 0.8985823681337264, 'tree_method': 'hist', 'num_target': 6, 'multi_strategy': 'multi_output_tree'}",63312.697949325564,2015.425954,5843.96875,5653.266655388779
287,set_5306150_XGB_complex_SOAnp_meta.pkl,"{'learning_rate': 0.3293047594852095, 'max_depth': 5, 'subsample': 0.5072399443760354, 'tree_method': 'hist', 'num_target': 6, 'multi_strategy': 'multi_output_tree', 'quantile_alpha': 0, 'objective': 'reg:squarederror'}",6291298.605200551,1344.297904,24269.58203125,22227.26948879076
288,set_5306150_XGB_complex_SOAp_meta.pkl,"{'learning_rate': 0.3293047594852095, 'max_depth': 5, 'subsample': 0.5072399443760354, 'tree_method': 'hist', 'num_target': 6, 'multi_strategy': 'multi_output_tree', 'quantile_alpha': 0, 'objective': 'reg:squarederror'}",6291837.294656334,1344.1485,20209.4921875,18164.972019361412
289,set_5306150_XGB_simple_IOA_meta.pkl,"{'learning_rate': 0.15848330761298413, 'max_depth': 4, 'subsample': 0.5948563141131367, 'tree_method': 'hist', 'num_target': 1, 'multi_strategy': 'one_output_per_tree', 'quantile_alpha': 0.8275862068965517, 'objective': 'reg:quantileerror'}",5967.411418457031,274.239827,4649.39453125,4570.87445239486
290,set_5306150_XGB_simple_SOAnp_meta.pkl,"{'learning_rate': 0.48779362384309244, 'max_depth': 6, 'subsample': 0.38118521163616725, 'tree_method': 'hist', 'num_target': 1, 'multi_strategy': 'one_output_per_tree', 'quantile_alpha': 0, 'objective': 'reg:squarederror'}",5917.814080029926,263.945869,108435.8203125,12183.567613636364
291,set_5306150_XGB_simple_SOAp_meta.pkl,"{'learning_rate': 0.48779362384309244, 'max_depth': 6, 'subsample': 0.38118521163616725, 'tree_method': 'hist', 'num_target': 1, 'multi_strategy': 'one_output_per_tree', 'quantile_alpha': 0, 'objective': 'reg:squarederror'}",5911.1943096584855,263.945913,108435.8203125,12183.567613636364
292,set_5306200_ANN_complex_IOA_meta.pkl,"[4, 19, 0.012014819163024892, 50, 10, 16, 'relu']",-5.1751138417682864e+22,7004.054873,2657.55859375,2288.594236134015
293,set_5306200_ANN_complex_SOAnp_meta.pkl,"[0, 15, 0.011080661192060288, 33, 10, 64, 'relu']",62796.17791395691,6200.745607,10197.9375,8337.107872596154
294,set_5306200_ANN_complex_SOAp_meta.pkl,"[0, 15, 0.011080661192060288, 33, 10, 64, 'relu']",62785.834283505064,6207.855299,6252.4453125,4145.617401274875
295,set_5306200_ANN_simple_IOA_meta.pkl,"[9, 16, 0.0043201883932749855, 25, 10, 64, 'relu']",5966.390423278809,5086.278911,3265.92578125,2668.070005950189
296,set_5306200_ANN_simple_SOAnp_meta.pkl,"[7, 8, 0.003805875432433607, 38, 10, 16, 'sigmoid']",5920.722043741676,5294.212488,4931.3125,4328.545797162855
297,set_5306200_ANN_simple_SOAp_meta.pkl,"[7, 8, 0.003805875432433607, 38, 10, 16, 'sigmoid']",5913.052978231044,5294.213237,4931.3125,4328.545797162855
298,set_5306200_XGB_complex_IOA_meta.pkl,"{'learning_rate': 0.46980889801520315, 'max_depth': 6, 'subsample': 0.6334515076199683, 'tree_method': 'hist', 'num_target': 6, 'multi_strategy': 'multi_output_tree'}",63126.74969428253,1997.610933,5272.3515625,5097.734582694274
299,set_5306200_XGB_complex_SOAnp_meta.pkl,"{'learning_rate': 0.4007488941138375, 'max_depth': 3, 'subsample': 0.3110753478977835, 'tree_method': 'hist', 'num_target': 6, 'multi_strategy': 'multi_output_tree', 'quantile_alpha': 0, 'objective': 'reg:squarederror'}",62776.00267873642,270.642322,9709.15234375,7685.937399839743
300,set_5306200_XGB_complex_SOAp_meta.pkl,"{'learning_rate': 0.4007488941138375, 'max_depth': 3, 'subsample': 0.3110753478977835, 'tree_method': 'hist', 'num_target': 6, 'multi_strategy': 'multi_output_tree', 'quantile_alpha': 0, 'objective': 'reg:squarederror'}",62771.977201579866,268.868771,5644.2734375,3577.779790088384
301,set_5306200_XGB_simple_IOA_meta.pkl,"{'learning_rate': 0.357151174535868, 'max_depth': 3, 'subsample': 0.736929093320782, 'tree_method': 'hist', 'num_target': 1, 'multi_strategy': 'one_output_per_tree', 'quantile_alpha': 0.8275862068965517, 'objective': 'reg:quantileerror'}",5966.041575317383,262.578914,4757.2265625,4708.024753736413
302,set_5306200_XGB_simple_SOAnp_meta.pkl,"{'learning_rate': 0.3799733961795298, 'max_depth': 5, 'subsample': 0.4347484230675173, 'tree_method': 'hist', 'num_target': 1, 'multi_strategy': 'one_output_per_tree', 'quantile_alpha': 0, 'objective': 'reg:squarederror'}",5911.7155363345355,254.098369,120741.98828125,14005.263786764706
303,set_5306200_XGB_simple_SOAp_meta.pkl,"{'learning_rate': 0.3799733961795298, 'max_depth': 5, 'subsample': 0.4347484230675173, 'tree_method': 'hist', 'num_target': 1, 'multi_strategy': 'one_output_per_tree', 'quantile_alpha': 0, 'objective': 'reg:squarederror'}",5919.321827935935,254.098129,120741.98828125,14005.263786764706
304,set_5306250_ANN_complex_IOA_meta.pkl,"[4, 16, 0.002096196646035934, 22, 10, 16, 'relu']",-1.404997698208708e+17,7757.526165,2678.83984375,2356.118430139275
305,set_5306250_ANN_complex_SOAnp_meta.pkl,"[1, 15, 0.0007506949999789226, 44, 10, 64, 'tanh']",62748.004477131886,7358.860913,10179.265625,8200.111653645834
306,set_5306250_ANN_complex_SOAp_meta.pkl,"[1, 15, 0.0007506949999789226, 44, 10, 64, 'tanh']",62751.29106769552,7363.815989,6124.66796875,3992.0988856281724
307,set_5306250_ANN_simple_IOA_meta.pkl,"[10, 13, 0.00025229689735632276, 39, 10, 32, 'relu']",5885.545002746582,7721.799503,3180.5625,2785.5006805369644
308,set_5306250_ANN_simple_SOAnp_meta.pkl,"[1, 15, 0.000366422394402363, 15, 10, 32, 'relu']",5844.567229552526,4892.047618,4322.2109375,3958.637436951145
309,set_5306250_ANN_simple_SOAp_meta.pkl,"[1, 15, 0.000366422394402363, 15, 10, 32, 'relu']",5858.042170950092,4892.048235,4322.2109375,3958.637436951145
310,set_5306250_XGB_complex_IOA_meta.pkl,"{'learning_rate': 0.496428649118489, 'max_depth': 6, 'subsample': 0.8554259292735782, 'tree_method': 'hist', 'num_target': 6, 'multi_strategy': 'multi_output_tree'}",63139.55688303375,2082.49586,2351.13671875,2220.0303984375
311,set_5306250_XGB_complex_SOAnp_meta.pkl,"{'learning_rate': 0.21437721756434458, 'max_depth': 5, 'subsample': 0.5034912714789761, 'tree_method': 'hist', 'num_target': 6, 'multi_strategy': 'multi_output_tree', 'quantile_alpha': 0, 'objective': 'reg:squarederror'}",6270238.78040961,1280.731707,19451.2734375,17420.419714095744
312,set_5306250_XGB_complex_SOAp_meta.pkl,"{'learning_rate': 0.21437721756434458, 'max_depth': 5, 'subsample': 0.5034912714789761, 'tree_method': 'hist', 'num_target': 6, 'multi_strategy': 'multi_output_tree', 'quantile_alpha': 0, 'objective': 'reg:squarederror'}",6270074.496961974,1260.584173,15359.265625,13330.038978494624
313,set_5306250_XGB_simple_IOA_meta.pkl,"{'learning_rate': 0.4991440325799458, 'max_depth': 2, 'subsample': 0.7654731255086199, 'tree_method': 'hist', 'num_target': 1, 'multi_strategy': 'one_output_per_tree', 'quantile_alpha': 0.8275862068965517, 'objective': 'reg:quantileerror'}",5883.5629687499995,264.572283,4222.44140625,4169.412128337379
314,set_5306250_XGB_simple_SOAnp_meta.pkl,"{'learning_rate': 0.4975315451893191, 'max_depth': 6, 'subsample': 0.31476224320511725, 'tree_method': 'hist', 'num_target': 1, 'multi_strategy': 'one_output_per_tree', 'quantile_alpha': 0, 'objective': 'reg:squarederror'}",5873.8572570629085,229.003664,117142.2265625,13445.55998411017
315,set_5306250_XGB_simple_SOAp_meta.pkl,"{'learning_rate': 0.4975315451893191, 'max_depth': 6, 'subsample': 0.31476224320511725, 'tree_method': 'hist', 'num_target': 1, 'multi_strategy': 'one_output_per_tree', 'quantile_alpha': 0, 'objective': 'reg:squarederror'}",5876.551553330575,229.00342,117142.2265625,13445.55998411017
316,set_5306300_ANN_complex_IOA_meta.pkl,"[4, 17, 0.0013751371678098643, 50, 10, 64, 'relu']",-852765757705550.1,6338.866393,3028.96875,2492.515185332751
317,set_5306300_ANN_complex_SOAnp_meta.pkl,"[10, 8, 0.001099626382005204, 47, 10, 16, 'tanh']",62608.71302499999,8585.702084,10196.05859375,8617.800600961538
318,set_5306300_ANN_complex_SOAp_meta.pkl,"[10, 8, 0.001099626382005204, 47, 10, 16, 'tanh']",62607.207652972465,8595.968251,6581.28125,4467.868384893216
319,set_5306300_ANN_simple_IOA_meta.pkl,"[9, 23, 0.0009464782836121204, 38, 10, 64, 'relu']",5969.549703826904,5686.901229,3039.96484375,2528.8266885127855
320,set_5306300_ANN_simple_SOAnp_meta.pkl,"[4, 30, 1.0976691691232085e-05, 47, 10, 64, 'relu']",5928.983594562773,5246.24468,4773.78125,4194.127418001033
321,set_5306300_ANN_simple_SOAp_meta.pkl,"[4, 30, 1.0976691691232085e-05, 47, 10, 64, 'relu']",5920.814111454929,5246.244796,4773.78125,4194.127418001033
322,set_5306300_XGB_complex_IOA_meta.pkl,"{'learning_rate': 0.4945141510435991, 'max_depth': 6, 'subsample': 0.4897293587229822, 'tree_method': 'hist', 'num_target': 6, 'multi_strategy': 'multi_output_tree'}",63057.23848523711,1889.402411,2403.4375,2263.409631299407
323,set_5306300_XGB_complex_SOAnp_meta.pkl,"{'learning_rate': 0.27529825158543847, 'max_depth': 3, 'subsample': 0.3495603806000658, 'tree_method': 'hist', 'num_target': 6, 'multi_strategy': 'multi_output_tree', 'quantile_alpha': 0, 'objective': 'reg:squarederror'}",62626.58771454651,268.368547,9702.5390625,7681.770415296052
324,set_5306300_XGB_complex_SOAp_meta.pkl,"{'learning_rate': 0.27529825158543847, 'max_depth': 3, 'subsample': 0.3495603806000658, 'tree_method': 'hist', 'num_target': 6, 'multi_strategy': 'multi_output_tree', 'quantile_alpha': 0, 'objective': 'reg:squarederror'}",62638.96044207924,270.68289,5650.22265625,3599.664260786802
325,set_5306300_XGB_simple_IOA_meta.pkl,"{'learning_rate': 0.3989870543206734, 'max_depth': 2, 'subsample': 0.5103065347810528, 'tree_method': 'hist', 'num_target': 1, 'multi_strategy': 'one_output_per_tree', 'quantile_alpha': 0.8275862068965517, 'objective': 'reg:quantileerror'}",5960.337762756348,251.220477,4550.09765625,4522.972058354592
326,set_5306300_XGB_simple_SOAnp_meta.pkl,"{'learning_rate': 0.25069446123757616, 'max_depth': 6, 'subsample': 0.7481258445502251, 'tree_method': 'hist', 'num_target': 1, 'multi_strategy': 'one_output_per_tree', 'quantile_alpha': 0, 'objective': 'reg:squarederror'}",5884.331708309211,252.410959,111374.46484375,17487.518984375
327,set_5306300_XGB_simple_SOAp_meta.pkl,"{'learning_rate': 0.25069446123757616, 'max_depth': 6, 'subsample': 0.7481258445502251, 'tree_method': 'hist', 'num_target': 1, 'multi_strategy': 'one_output_per_tree', 'quantile_alpha': 0, 'objective': 'reg:squarederror'}",5886.089813773804,252.411381,111374.46484375,17487.518984375
328,set_530650_ANN_complex_IOA_meta.pkl,"[1, 9, 0.05091340330341648, 46, 10, 16, 'relu']",-2791137932.4999995,6695.486218,3171.2578125,2749.0112500495325
329,set_530650_ANN_complex_SOAnp_meta.pkl,"[9, 16, 0.020209329490747312, 47, 10, 16, 'tanh']",63110.927005000005,5842.934321,12267.4921875,10222.293598790322
330,set_530650_ANN_complex_SOAp_meta.pkl,"[9, 16, 0.020209329490747312, 47, 10, 16, 'tanh']",63112.482059294656,5857.299277,8218.6015625,6136.050939078283
331,set_530650_ANN_simple_IOA_meta.pkl,"[6, 18, 0.017070746110888147, 17, 10, 64, 'relu']",5958.800492706298,6092.4815,2490.5546875,2173.721525562901
332,set_530650_ANN_simple_SOAnp_meta.pkl,"[7, 8, 0.00042887060259801205, 42, 10, 32, 'sigmoid']",5945.944715247151,6958.38649,2897.58203125,2363.472478719467
333,set_530650_ANN_simple_SOAp_meta.pkl,"[7, 8, 0.00042887060259801205, 42, 10, 32, 'sigmoid']",5948.102495882652,6958.386754,2897.58203125,2363.472478719467
334,set_530650_XGB_complex_IOA_meta.pkl,"{'learning_rate': 0.4869976845951044, 'max_depth': 6, 'subsample': 0.7228105249035369, 'tree_method': 'hist', 'num_target': 6, 'multi_strategy': 'multi_output_tree'}",63300.128013542184,3625.901934,14015.89453125,13837.011432026708
335,set_530650_XGB_complex_SOAnp_meta.pkl,"{'learning_rate': 0.32364715664684335, 'max_depth': 6, 'subsample': 0.4509680709033207, 'tree_method': 'hist', 'num_target': 6, 'multi_strategy': 'multi_output_tree', 'quantile_alpha': 0, 'objective': 'reg:squarederror'}",63123.12942986206,1170.657391,21560.49609375,19554.847110215054
336,set_530650_XGB_complex_SOAp_meta.pkl,"{'learning_rate': 0.32364715664684335, 'max_depth': 6, 'subsample': 0.4509680709033207, 'tree_method': 'hist', 'num_target': 6, 'multi_strategy': 'multi_output_tree', 'quantile_alpha': 0, 'objective': 'reg:squarederror'}",63120.06719067294,1149.033884,17500.75390625,15469.823624320652
337,set_530650_XGB_simple_IOA_meta.pkl,"{'learning_rate': 0.43170300889157137, 'max_depth': 2, 'subsample': 0.5558207456660162, 'tree_method': 'hist', 'num_target': 1, 'multi_strategy': 'one_output_per_tree', 'quantile_alpha': 0.8275862068965517, 'objective': 'reg:quantileerror'}",5956.656752319335,242.540946,4201.5859375,4140.893844039352
338,set_530650_XGB_simple_SOAnp_meta.pkl,"{'learning_rate': 0.3963413591834624, 'max_depth': 2, 'subsample': 0.5029529204589438, 'tree_method': 'hist', 'num_target': 1, 'multi_strategy': 'one_output_per_tree', 'quantile_alpha': 0, 'objective': 'reg:squarederror'}",5952.198573310866,219.230321,117131.46484375,14555.035757211539
339,set_530650_XGB_simple_SOAp_meta.pkl,"{'learning_rate': 0.3963413591834624, 'max_depth': 2, 'subsample': 0.5029529204589438, 'tree_method': 'hist', 'num_target': 1, 'multi_strategy': 'one_output_per_tree', 'quantile_alpha': 0, 'objective': 'reg:squarederror'}",5944.298343899893,219.230384,117131.46484375,14555.035757211539
340,set_630650_XGB_complex_IOA_meta.pkl,"{'learning_rate': 0.4999304692652964, 'max_depth': 6, 'subsample': 0.49666121581038014, 'tree_method': 'hist', 'num_target': 6, 'multi_strategy': 'multi_output_tree'}",63306.00868495177,28798.400226,10194.8046875,9046.319939097813
341,set_630650_XGB_complex_SOAnp_meta.pkl,"{'learning_rate': 0.3924736126265299, 'max_depth': 4, 'subsample': 0.303171641939974, 'tree_method': 'hist', 'num_target': 6, 'multi_strategy': 'multi_output_tree', 'quantile_alpha': 0, 'objective': 'reg:squarederror'}",63135.514936489795,746.794034,10214.2265625,9334.133315882733
342,set_630650_XGB_complex_SOAp_meta.pkl,"{'learning_rate': 0.3924736126265299, 'max_depth': 4, 'subsample': 0.303171641939974, 'tree_method': 'hist', 'num_target': 6, 'multi_strategy': 'multi_output_tree', 'quantile_alpha': 0, 'objective': 'reg:squarederror'}",63134.09239382487,743.289627,8016.58203125,6967.378790575171
