;file_name;hyperparameter;profit;elapsed_time;peak_memory;avg_memory;relative_profit
5;set_130650_ANN_simple_SOAp_meta.pkl;[6, 15, 0.09117597957701895, 29, 10, 16, 'relu'];4431,54;429,54;3876,96;3520,62;0,74
3;set_130650_ANN_simple_IOA_meta.pkl;[7, 8, 0.09986941432760484, 50, 10, 16, 'relu'];5215,59;333,36;2368,18;1734,29;0,87
4;set_130650_ANN_simple_SOAnp_meta.pkl;[6, 15, 0.09117597957701895, 29, 10, 16, 'relu'];5626,29;429,54;3876,96;3520,66;0,94
218;set_4481650_XGB_simple_SOAnp_meta.pkl;{'learning_rate': 0.4764503389692133, 'max_depth': 5, 'subsample': 0.307011392482356, 'tree_method': 'hist', 'num_target': 1, 'multi_strategy': 'one_output_per_tree', 'quantile_alpha': 0, 'objective': 'reg:squarederror'};5722,08;273,89;5788,68;5759,94;0,96
59;set_4121650_XGB_simple_SOAp_meta.pkl;{'learning_rate': 0.4992181371655524, 'max_depth': 5, 'subsample': 0.379548802951221, 'tree_method': 'hist', 'num_target': 1, 'multi_strategy': 'one_output_per_tree', 'quantile_alpha': 0, 'objective': 'reg:squarederror'};5728,99;228,16;5160,85;5097,67;0,96
58;set_4121650_XGB_simple_SOAnp_meta.pkl;{'learning_rate': 0.4992181371655524, 'max_depth': 5, 'subsample': 0.379548802951221, 'tree_method': 'hist', 'num_target': 1, 'multi_strategy': 'one_output_per_tree', 'quantile_alpha': 0, 'objective': 'reg:squarederror'};5732,27;228,16;5160,85;5097,67;0,96
219;set_4481650_XGB_simple_SOAp_meta.pkl;{'learning_rate': 0.4764503389692133, 'max_depth': 5, 'subsample': 0.307011392482356, 'tree_method': 'hist', 'num_target': 1, 'multi_strategy': 'one_output_per_tree', 'quantile_alpha': 0, 'objective': 'reg:squarederror'};5737,84;273,89;5788,68;5758,04;0,96
194;set_43841650_XGB_simple_SOAnp_meta.pkl;{'learning_rate': 0.4978049403956986, 'max_depth': 6, 'subsample': 0.5013219808663522, 'tree_method': 'hist', 'num_target': 1, 'multi_strategy': 'one_output_per_tree', 'quantile_alpha': 0, 'objective': 'reg:squarederror'};5749,08;315,80;12832,95;10246,99;0,96
195;set_43841650_XGB_simple_SOAp_meta.pkl;{'learning_rate': 0.4978049403956986, 'max_depth': 6, 'subsample': 0.5013219808663522, 'tree_method': 'hist', 'num_target': 1, 'multi_strategy': 'one_output_per_tree', 'quantile_alpha': 0, 'objective': 'reg:squarederror'};5752,81;315,80;12832,95;10246,99;0,96
191;set_43841650_ANN_simple_SOAp_meta.pkl;[1, 24, 0.014647075343313174, 19, 10, 32, 'sigmoid'];5764,85;828,70;6806,64;5815,48;0,96
106;set_4241650_XGB_simple_SOAnp_meta.pkl;{'learning_rate': 0.4092993052606298, 'max_depth': 6, 'subsample': 0.4287351616532414, 'tree_method': 'hist', 'num_target': 1, 'multi_strategy': 'one_output_per_tree', 'quantile_alpha': 0, 'objective': 'reg:squarederror'};5769,74;227,77;5207,45;5207,45;0,96
107;set_4241650_XGB_simple_SOAp_meta.pkl;{'learning_rate': 0.4092993052606298, 'max_depth': 6, 'subsample': 0.4287351616532414, 'tree_method': 'hist', 'num_target': 1, 'multi_strategy': 'one_output_per_tree', 'quantile_alpha': 0, 'objective': 'reg:squarederror'};5771,23;227,77;5207,45;5207,45;0,97
190;set_43841650_ANN_simple_SOAnp_meta.pkl;[1, 24, 0.014647075343313174, 19, 10, 32, 'sigmoid'];5783,59;828,70;6806,64;5815,53;0,97
262;set_4961650_XGB_simple_SOAnp_meta.pkl;{'learning_rate': 0.4598427575429156, 'max_depth': 6, 'subsample': 0.6658534387666587, 'tree_method': 'hist', 'num_target': 1, 'multi_strategy': 'one_output_per_tree', 'quantile_alpha': 0, 'objective': 'reg:squarederror'};5786,73;295,67;6211,97;6198,23;0,97
263;set_4961650_XGB_simple_SOAp_meta.pkl;{'learning_rate': 0.4598427575429156, 'max_depth': 6, 'subsample': 0.6658534387666587, 'tree_method': 'hist', 'num_target': 1, 'multi_strategy': 'one_output_per_tree', 'quantile_alpha': 0, 'objective': 'reg:squarederror'};5787,72;295,67;6211,97;6198,23;0,97
240;set_461650_XGB_simple_SOAnp_meta.pkl;{'learning_rate': 0.4950986321787398, 'max_depth': 6, 'subsample': 0.7486588003113205, 'tree_method': 'hist', 'num_target': 1, 'multi_strategy': 'one_output_per_tree', 'quantile_alpha': 0, 'objective': 'reg:squarederror'};5801,67;232,21;5228,07;5228,07;0,97
241;set_461650_XGB_simple_SOAp_meta.pkl;{'learning_rate': 0.4950986321787398, 'max_depth': 6, 'subsample': 0.7486588003113205, 'tree_method': 'hist', 'num_target': 1, 'multi_strategy': 'one_output_per_tree', 'quantile_alpha': 0, 'objective': 'reg:squarederror'};5805,74;232,21;5228,07;5228,07;0,97
83;set_41921650_XGB_simple_SOAp_meta.pkl;{'learning_rate': 0.38413105048212304, 'max_depth': 5, 'subsample': 0.5313182301746662, 'tree_method': 'hist', 'num_target': 1, 'multi_strategy': 'one_output_per_tree', 'quantile_alpha': 0, 'objective': 'reg:squarederror'};5813,12;240,76;7037,51;6684,86;0,97
82;set_41921650_XGB_simple_SOAnp_meta.pkl;{'learning_rate': 0.38413105048212304, 'max_depth': 5, 'subsample': 0.5313182301746662, 'tree_method': 'hist', 'num_target': 1, 'multi_strategy': 'one_output_per_tree', 'quantile_alpha': 0, 'objective': 'reg:squarederror'};5814,34;240,76;7037,51;6684,86;0,97
235;set_461650_ANN_simple_SOAp_meta.pkl;[2, 22, 0.06779468839177395, 38, 10, 64, 'relu'];5823,89;818,17;4218,39;3820,79;0,97
77;set_41921650_ANN_simple_SOAp_meta.pkl;[7, 20, 0.0034373332590695873, 30, 10, 128, 'relu'];5824,12;873,27;5074,56;4486,29;0,97
75;set_41921650_ANN_simple_IOA_meta.pkl;[7, 15, 0.0823479280360155, 16, 10, 16, 'relu'];5826,50;744,32;3566,45;2775,00;0,97
76;set_41921650_ANN_simple_SOAnp_meta.pkl;[7, 20, 0.0034373332590695873, 30, 10, 128, 'relu'];5830,70;873,27;5074,56;4486,29;0,98
189;set_43841650_ANN_simple_IOA_meta.pkl;[6, 17, 0.008330775028989061, 23, 10, 16, 'relu'];5838,83;864,52;4663,21;3775,07;0,98
53;set_4121650_ANN_simple_SOAp_meta.pkl;[4, 17, 0.0031798072233164315, 50, 10, 16, 'relu'];5840,97;978,40;4293,98;3885,02;0,98
257;set_4961650_ANN_simple_SOAp_meta.pkl;[10, 19, 0.09794773246421506, 36, 10, 16, 'tanh'];5842,11;947,06;4809,19;4199,07;0,98
101;set_4241650_ANN_simple_SOAp_meta.pkl;[6, 25, 0.05507643959774552, 25, 10, 16, 'tanh'];5842,70;952,46;4267,20;3787,12;0,98
213;set_4481650_ANN_simple_SOAp_meta.pkl;[2, 11, 0.0028460512457911154, 16, 10, 16, 'relu'];5842,93;916,78;4645,79;4169,15;0,98
234;set_461650_ANN_simple_SOAnp_meta.pkl;[2, 22, 0.06779468839177395, 38, 10, 64, 'relu'];5843,76;818,17;4218,39;3820,79;0,98
181;set_431650_ANN_simple_SOAp_meta.pkl;[6, 16, 0.006076835158155949, 50, 10, 64, 'relu'];5844,45;806,80;3665,68;3319,86;0,98
304;set_5306250_ANN_simple_SOAnp_meta.pkl;[1, 15, 0.000366422394402363, 15, 10, 32, 'relu'];5844,57;4892,05;4322,21;3958,64;0,98
212;set_4481650_ANN_simple_SOAnp_meta.pkl;[2, 11, 0.0028460512457911154, 16, 10, 16, 'relu'];5846,62;916,78;4645,79;4169,15;0,98
180;set_431650_ANN_simple_SOAnp_meta.pkl;[6, 16, 0.006076835158155949, 50, 10, 64, 'relu'];5853,56;806,80;3665,68;3319,86;0,98
211;set_4481650_ANN_simple_IOA_meta.pkl;[10, 16, 0.002111935566075053, 45, 10, 128, 'relu'];5854,13;852,10;3461,55;2558,75;0,98
256;set_4961650_ANN_simple_SOAnp_meta.pkl;[10, 19, 0.09794773246421506, 36, 10, 16, 'tanh'];5854,18;947,06;4809,19;4199,12;0,98
100;set_4241650_ANN_simple_SOAnp_meta.pkl;[6, 25, 0.05507643959774552, 25, 10, 16, 'tanh'];5855,23;952,46;4267,20;3787,12;0,98
186;set_431650_XGB_simple_SOAnp_meta.pkl;{'learning_rate': 0.4140012550031632, 'max_depth': 3, 'subsample': 0.41129174376298583, 'tree_method': 'hist', 'num_target': 1, 'multi_strategy': 'one_output_per_tree', 'quantile_alpha': 0, 'objective': 'reg:squarederror'};5855,82;187,31;4474,46;4472,03;0,98
52;set_4121650_ANN_simple_SOAnp_meta.pkl;[4, 17, 0.0031798072233164315, 50, 10, 16, 'relu'];5856,98;978,40;4293,98;3885,02;0,98
305;set_5306250_ANN_simple_SOAp_meta.pkl;[1, 15, 0.000366422394402363, 15, 10, 32, 'relu'];5858,04;4892,05;4322,21;3958,64;0,98
193;set_43841650_XGB_simple_IOA_meta.pkl;{'learning_rate': 0.4874350037124839, 'max_depth': 2, 'subsample': 0.8532915393181452, 'tree_method': 'hist', 'num_target': 1, 'multi_strategy': 'one_output_per_tree', 'quantile_alpha': 0.8275862068965517, 'objective': 'reg:quantileerror'};5858,37;280,97;10248,75;9287,19;0,98
187;set_431650_XGB_simple_SOAp_meta.pkl;{'learning_rate': 0.4140012550031632, 'max_depth': 3, 'subsample': 0.41129174376298583, 'tree_method': 'hist', 'num_target': 1, 'multi_strategy': 'one_output_per_tree', 'quantile_alpha': 0, 'objective': 'reg:squarederror'};5858,40;187,32;4474,46;4472,03;0,98
261;set_4961650_XGB_simple_IOA_meta.pkl;{'learning_rate': 0.21966801982411407, 'max_depth': 3, 'subsample': 0.8981909553854792, 'tree_method': 'hist', 'num_target': 1, 'multi_strategy': 'one_output_per_tree', 'quantile_alpha': 0.8275862068965517, 'objective': 'reg:quantileerror'};5860,40;255,12;5386,86;5218,03;0,98
179;set_431650_ANN_simple_IOA_meta.pkl;[6, 11, 0.001639577680399332, 16, 10, 16, 'relu'];5863,93;780,82;2526,41;2150,04;0,98
99;set_4241650_ANN_simple_IOA_meta.pkl;[10, 10, 0.0008443513795200429, 39, 10, 32, 'relu'];5864,03;1048,26;2977,04;2395,75;0,98
255;set_4961650_ANN_simple_IOA_meta.pkl;[4, 7, 0.047962718282852465, 39, 10, 32, 'relu'];5865,26;910,34;3112,86;2536,49;0,98
81;set_41921650_XGB_simple_IOA_meta.pkl;{'learning_rate': 0.41197929270768396, 'max_depth': 2, 'subsample': 0.826007292093059, 'tree_method': 'hist', 'num_target': 1, 'multi_strategy': 'one_output_per_tree', 'quantile_alpha': 0.8275862068965517, 'objective': 'reg:quantileerror'};5866,23;229,34;6770,41;6450,91;0,98
57;set_4121650_XGB_simple_IOA_meta.pkl;{'learning_rate': 0.22862828176053832, 'max_depth': 3, 'subsample': 0.493795098299426, 'tree_method': 'hist', 'num_target': 1, 'multi_strategy': 'one_output_per_tree', 'quantile_alpha': 0.8275862068965517, 'objective': 'reg:quantileerror'};5870,34;242,05;3971,17;3962,88;0,98
217;set_4481650_XGB_simple_IOA_meta.pkl;{'learning_rate': 0.3338896333172897, 'max_depth': 2, 'subsample': 0.7935725482082912, 'tree_method': 'hist', 'num_target': 1, 'multi_strategy': 'one_output_per_tree', 'quantile_alpha': 0.8275862068965517, 'objective': 'reg:quantileerror'};5873,57;280,58;4717,05;4655,16;0,98
310;set_5306250_XGB_simple_SOAnp_meta.pkl;{'learning_rate': 0.4975315451893191, 'max_depth': 6, 'subsample': 0.31476224320511725, 'tree_method': 'hist', 'num_target': 1, 'multi_strategy': 'one_output_per_tree', 'quantile_alpha': 0, 'objective': 'reg:squarederror'};5873,86;229,00;117142,23;13445,56;0,98
105;set_4241650_XGB_simple_IOA_meta.pkl;{'learning_rate': 0.10254107619462803, 'max_depth': 3, 'subsample': 0.5243508176559154, 'tree_method': 'hist', 'num_target': 1, 'multi_strategy': 'one_output_per_tree', 'quantile_alpha': 0.8275862068965517, 'objective': 'reg:quantileerror'};5875,17;242,59;4054,65;4028,34;0,98
311;set_5306250_XGB_simple_SOAp_meta.pkl;{'learning_rate': 0.4975315451893191, 'max_depth': 6, 'subsample': 0.31476224320511725, 'tree_method': 'hist', 'num_target': 1, 'multi_strategy': 'one_output_per_tree', 'quantile_alpha': 0, 'objective': 'reg:squarederror'};5876,55;229,00;117142,23;13445,56;0,98
51;set_4121650_ANN_simple_IOA_meta.pkl;[8, 7, 0.0821212468454238, 37, 10, 64, 'relu'];5878,50;818,19;3165,10;2363,51;0,98
185;set_431650_XGB_simple_IOA_meta.pkl;{'learning_rate': 0.1917842229042339, 'max_depth': 2, 'subsample': 0.43037341641821025, 'tree_method': 'hist', 'num_target': 1, 'multi_strategy': 'one_output_per_tree', 'quantile_alpha': 0.8275862068965517, 'objective': 'reg:quantileerror'};5879,99;229,91;3267,11;3258,03;0,98
239;set_461650_XGB_simple_IOA_meta.pkl;{'learning_rate': 0.15113998125388003, 'max_depth': 3, 'subsample': 0.5804913832828339, 'tree_method': 'hist', 'num_target': 1, 'multi_strategy': 'one_output_per_tree', 'quantile_alpha': 0.8275862068965517, 'objective': 'reg:quantileerror'};5880,64;255,32;4017,62;3964,24;0,98
233;set_461650_ANN_simple_IOA_meta.pkl;[10, 28, 0.003464956550889376, 37, 10, 32, 'relu'];5880,84;1026,31;3184,65;2474,53;0,98
309;set_5306250_XGB_simple_IOA_meta.pkl;{'learning_rate': 0.4991440325799458, 'max_depth': 2, 'subsample': 0.7654731255086199, 'tree_method': 'hist', 'num_target': 1, 'multi_strategy': 'one_output_per_tree', 'quantile_alpha': 0.8275862068965517, 'objective': 'reg:quantileerror'};5883,56;264,57;4222,44;4169,41;0,99
322;set_5306300_XGB_simple_SOAnp_meta.pkl;{'learning_rate': 0.25069446123757616, 'max_depth': 6, 'subsample': 0.7481258445502251, 'tree_method': 'hist', 'num_target': 1, 'multi_strategy': 'one_output_per_tree', 'quantile_alpha': 0, 'objective': 'reg:squarederror'};5884,33;252,41;111374,46;17487,52;0,97
303;set_5306250_ANN_simple_IOA_meta.pkl;[10, 13, 0.00025229689735632276, 39, 10, 32, 'relu'];5885,55;7721,80;3180,56;2785,50;0,99
323;set_5306300_XGB_simple_SOAp_meta.pkl;{'learning_rate': 0.25069446123757616, 'max_depth': 6, 'subsample': 0.7481258445502251, 'tree_method': 'hist', 'num_target': 1, 'multi_strategy': 'one_output_per_tree', 'quantile_alpha': 0, 'objective': 'reg:squarederror'};5886,09;252,41;111374,46;17487,52;0,97
228;set_460650_XGB_simple_SOAnp_meta.pkl;{'learning_rate': 0.49124312726008273, 'max_depth': 5, 'subsample': 0.89922740010816, 'tree_method': 'hist', 'num_target': 1, 'multi_strategy': 'one_output_per_tree', 'quantile_alpha': 0, 'objective': 'reg:squarederror'};5895,01;235,85;5000,16;4941,17;0,99
22;set_230650_XGB_simple_SOAnp_meta.pkl;{'learning_rate': 0.19877117243895648, 'max_depth': 3, 'subsample': 0.32799519053135073, 'tree_method': 'hist', 'num_target': 1, 'multi_strategy': 'one_output_per_tree', 'quantile_alpha': 0, 'objective': 'reg:squarederror'};5896,08;232,68;3632,41;3632,29;0,99
229;set_460650_XGB_simple_SOAp_meta.pkl;{'learning_rate': 0.49124312726008273, 'max_depth': 5, 'subsample': 0.89922740010816, 'tree_method': 'hist', 'num_target': 1, 'multi_strategy': 'one_output_per_tree', 'quantile_alpha': 0, 'objective': 'reg:squarederror'};5896,12;235,85;5000,16;4941,17;0,99
23;set_230650_XGB_simple_SOAp_meta.pkl;{'learning_rate': 0.19877117243895648, 'max_depth': 3, 'subsample': 0.32799519053135073, 'tree_method': 'hist', 'num_target': 1, 'multi_strategy': 'one_output_per_tree', 'quantile_alpha': 0, 'objective': 'reg:squarederror'};5896,88;232,68;3632,41;3632,29;0,99
206;set_4480650_XGB_simple_SOAnp_meta.pkl;{'learning_rate': 0.4962393503359204, 'max_depth': 5, 'subsample': 0.8892057521861964, 'tree_method': 'hist', 'num_target': 1, 'multi_strategy': 'one_output_per_tree', 'quantile_alpha': 0, 'objective': 'reg:squarederror'};5909,17;214,77;6847,76;6306,72;0,99
207;set_4480650_XGB_simple_SOAp_meta.pkl;{'learning_rate': 0.4962393503359204, 'max_depth': 5, 'subsample': 0.8892057521861964, 'tree_method': 'hist', 'num_target': 1, 'multi_strategy': 'one_output_per_tree', 'quantile_alpha': 0, 'objective': 'reg:squarederror'};5909,86;214,77;6847,76;6306,72;0,99
9;set_130650_XGB_simple_IOA_meta.pkl;{'learning_rate': 0.46556548453631963, 'max_depth': 2, 'subsample': 0.5861533244579811, 'tree_method': 'hist', 'num_target': 1, 'multi_strategy': 'one_output_per_tree', 'quantile_alpha': 0.8275862068965517, 'objective': 'reg:quantileerror'};5911,17;260,38;3604,57;3560,27;0,99
287;set_5306150_XGB_simple_SOAp_meta.pkl;{'learning_rate': 0.48779362384309244, 'max_depth': 6, 'subsample': 0.38118521163616725, 'tree_method': 'hist', 'num_target': 1, 'multi_strategy': 'one_output_per_tree', 'quantile_alpha': 0, 'objective': 'reg:squarederror'};5911,19;263,95;108435,82;12183,57;0,98
298;set_5306200_XGB_simple_SOAnp_meta.pkl;{'learning_rate': 0.3799733961795298, 'max_depth': 5, 'subsample': 0.4347484230675173, 'tree_method': 'hist', 'num_target': 1, 'multi_strategy': 'one_output_per_tree', 'quantile_alpha': 0, 'objective': 'reg:squarederror'};5911,72;254,10;120741,99;14005,26;0,98
46;set_4120650_XGB_simple_SOAnp_meta.pkl;{'learning_rate': 0.4994045917087667, 'max_depth': 5, 'subsample': 0.316559397942162, 'tree_method': 'hist', 'num_target': 1, 'multi_strategy': 'one_output_per_tree', 'quantile_alpha': 0, 'objective': 'reg:squarederror'};5912,88;229,35;4963,14;4958,67;0,99
293;set_5306200_ANN_simple_SOAp_meta.pkl;[7, 8, 0.003805875432433607, 38, 10, 16, 'sigmoid'];5913,05;5294,21;4931,31;4328,55;0,98
34;set_330650_XGB_simple_SOAnp_meta.pkl;{'learning_rate': 0.39403939055859405, 'max_depth': 6, 'subsample': 0.7588203154782152, 'tree_method': 'hist', 'num_target': 1, 'multi_strategy': 'one_output_per_tree', 'quantile_alpha': 0, 'objective': 'reg:squarederror'};5914,96;202,18;3551,92;3551,83;0,99
47;set_4120650_XGB_simple_SOAp_meta.pkl;{'learning_rate': 0.4994045917087667, 'max_depth': 5, 'subsample': 0.316559397942162, 'tree_method': 'hist', 'num_target': 1, 'multi_strategy': 'one_output_per_tree', 'quantile_alpha': 0, 'objective': 'reg:squarederror'};5915,01;229,35;4963,14;4958,67;0,99
35;set_330650_XGB_simple_SOAp_meta.pkl;{'learning_rate': 0.39403939055859405, 'max_depth': 6, 'subsample': 0.7588203154782152, 'tree_method': 'hist', 'num_target': 1, 'multi_strategy': 'one_output_per_tree', 'quantile_alpha': 0, 'objective': 'reg:squarederror'};5915,28;202,18;3551,92;3551,83;0,99
130;set_4306510_XGB_simple_SOAnp_meta.pkl;{'learning_rate': 0.4886763544257752, 'max_depth': 6, 'subsample': 0.4153681204974804, 'tree_method': 'hist', 'num_target': 1, 'multi_strategy': 'one_output_per_tree', 'quantile_alpha': 0, 'objective': 'reg:squarederror'};5915,43;199,20;4995,82;4995,67;0,99
70;set_41920650_XGB_simple_SOAnp_meta.pkl;{'learning_rate': 0.47671051868289727, 'max_depth': 3, 'subsample': 0.7324470350938832, 'tree_method': 'hist', 'num_target': 1, 'multi_strategy': 'one_output_per_tree', 'quantile_alpha': 0, 'objective': 'reg:squarederror'};5915,77;276,86;14046,61;11738,34;0,99
286;set_5306150_XGB_simple_SOAnp_meta.pkl;{'learning_rate': 0.48779362384309244, 'max_depth': 6, 'subsample': 0.38118521163616725, 'tree_method': 'hist', 'num_target': 1, 'multi_strategy': 'one_output_per_tree', 'quantile_alpha': 0, 'objective': 'reg:squarederror'};5917,81;263,95;108435,82;12183,57;0,98
299;set_5306200_XGB_simple_SOAp_meta.pkl;{'learning_rate': 0.3799733961795298, 'max_depth': 5, 'subsample': 0.4347484230675173, 'tree_method': 'hist', 'num_target': 1, 'multi_strategy': 'one_output_per_tree', 'quantile_alpha': 0, 'objective': 'reg:squarederror'};5919,32;254,10;120741,99;14005,26;0,98
11;set_130650_XGB_simple_SOAp_meta.pkl;{'learning_rate': 0.10638408860295201, 'max_depth': 2, 'subsample': 0.368433785966714, 'tree_method': 'hist', 'num_target': 1, 'multi_strategy': 'one_output_per_tree', 'quantile_alpha': 0, 'objective': 'reg:squarederror'};5919,41;257,06;3690,92;3690,81;0,99
131;set_4306510_XGB_simple_SOAp_meta.pkl;{'learning_rate': 0.4886763544257752, 'max_depth': 6, 'subsample': 0.4153681204974804, 'tree_method': 'hist', 'num_target': 1, 'multi_strategy': 'one_output_per_tree', 'quantile_alpha': 0, 'objective': 'reg:squarederror'};5920,71;199,20;4995,82;4995,67;0,99
292;set_5306200_ANN_simple_SOAnp_meta.pkl;[7, 8, 0.003805875432433607, 38, 10, 16, 'sigmoid'];5920,72;5294,21;4931,31;4328,55;0,98
317;set_5306300_ANN_simple_SOAp_meta.pkl;[4, 30, 1.0976691691232085e-05, 47, 10, 64, 'relu'];5920,81;5246,24;4773,78;4194,13;0,98
10;set_130650_XGB_simple_SOAnp_meta.pkl;{'learning_rate': 0.10638408860295201, 'max_depth': 2, 'subsample': 0.368433785966714, 'tree_method': 'hist', 'num_target': 1, 'multi_strategy': 'one_output_per_tree', 'quantile_alpha': 0, 'objective': 'reg:squarederror'};5920,93;257,06;3690,92;3690,82;0,99
71;set_41920650_XGB_simple_SOAp_meta.pkl;{'learning_rate': 0.47671051868289727, 'max_depth': 3, 'subsample': 0.7324470350938832, 'tree_method': 'hist', 'num_target': 1, 'multi_strategy': 'one_output_per_tree', 'quantile_alpha': 0, 'objective': 'reg:squarederror'};5922,79;276,86;14046,61;11738,34;0,99
125;set_4306510_ANN_simple_SOAp_meta.pkl;[7, 23, 0.05191109620178864, 25, 10, 16, 'sigmoid'];5928,42;1067,32;4345,86;3719,96;0,99
223;set_460650_ANN_simple_IOA_meta.pkl;[8, 8, 0.004232020126760402, 34, 10, 16, 'relu'];5928,76;1055,74;2734,96;2305,21;0,99
316;set_5306300_ANN_simple_SOAnp_meta.pkl;[4, 30, 1.0976691691232085e-05, 47, 10, 64, 'relu'];5928,98;5246,24;4773,78;4194,13;0,98
124;set_4306510_ANN_simple_SOAnp_meta.pkl;[7, 23, 0.05191109620178864, 25, 10, 16, 'sigmoid'];5929,08;1067,32;4345,86;3719,96;0,99
280;set_5306150_ANN_simple_SOAnp_meta.pkl;[9, 21, 0.07961373490327166, 37, 10, 16, 'tanh'];5930,46;4157,55;4867,94;4207,05;0,98
225;set_460650_ANN_simple_SOAp_meta.pkl;[0, 12, 0.0888270951505025, 45, 10, 16, 'tanh'];5930,55;1250,50;4368,15;3859,38;0,99
33;set_330650_XGB_simple_IOA_meta.pkl;{'learning_rate': 0.3578888339455195, 'max_depth': 3, 'subsample': 0.35212155088575453, 'tree_method': 'hist', 'num_target': 1, 'multi_strategy': 'one_output_per_tree', 'quantile_alpha': 0.8275862068965517, 'objective': 'reg:quantileerror'};5930,63;216,95;3559,01;3555,31;0,99
94;set_4240650_XGB_simple_SOAnp_meta.pkl;{'learning_rate': 0.26880310910560434, 'max_depth': 4, 'subsample': 0.3353561895837505, 'tree_method': 'hist', 'num_target': 1, 'multi_strategy': 'one_output_per_tree', 'quantile_alpha': 0, 'objective': 'reg:squarederror'};5931,61;233,93;5457,50;5429,05;0,99
15;set_230650_ANN_simple_IOA_meta.pkl;[6, 7, 0.012799200568478322, 40, 10, 16, 'relu'];5932,01;310,47;2297,93;1704,25;0,99
224;set_460650_ANN_simple_SOAnp_meta.pkl;[0, 12, 0.0888270951505025, 45, 10, 16, 'tanh'];5932,29;1250,50;4368,15;3859,38;0,99
327;set_530650_ANN_simple_IOA_meta.pkl;[8, 26, 0.0706799963907796, 23, 10, 128, 'relu'];5932,48;4639,54;3127,46;2521,11;0,99
28;set_330650_ANN_simple_SOAnp_meta.pkl;[4, 21, 0.07215534990930861, 10, 10, 16, 'relu'];5932,58;434,78;3822,95;3439,33;0,99
21;set_230650_XGB_simple_IOA_meta.pkl;{'learning_rate': 0.17945906932162425, 'max_depth': 3, 'subsample': 0.6462623983622692, 'tree_method': 'hist', 'num_target': 1, 'multi_strategy': 'one_output_per_tree', 'quantile_alpha': 0.8275862068965517, 'objective': 'reg:quantileerror'};5932,64;234,82;3566,98;3563,53;0,99
250;set_4960650_XGB_simple_SOAnp_meta.pkl;{'learning_rate': 0.3351176382335591, 'max_depth': 4, 'subsample': 0.30665966316166915, 'tree_method': 'hist', 'num_target': 1, 'multi_strategy': 'one_output_per_tree', 'quantile_alpha': 0, 'objective': 'reg:squarederror'};5932,97;306,44;8663,62;8227,05;0,99
281;set_5306150_ANN_simple_SOAp_meta.pkl;[9, 21, 0.07961373490327166, 37, 10, 16, 'tanh'];5934,15;4157,55;4867,94;4207,05;0,98
29;set_330650_ANN_simple_SOAp_meta.pkl;[4, 21, 0.07215534990930861, 10, 10, 16, 'relu'];5934,79;434,78;3822,95;3439,28;0,99
251;set_4960650_XGB_simple_SOAp_meta.pkl;{'learning_rate': 0.3351176382335591, 'max_depth': 4, 'subsample': 0.30665966316166915, 'tree_method': 'hist', 'num_target': 1, 'multi_strategy': 'one_output_per_tree', 'quantile_alpha': 0, 'objective': 'reg:squarederror'};5935,05;306,44;8663,62;8227,05;0,99
274;set_5306100_XGB_simple_SOAnp_meta.pkl;{'learning_rate': 0.3140551315539813, 'max_depth': 4, 'subsample': 0.743690108285745, 'tree_method': 'hist', 'num_target': 1, 'multi_strategy': 'one_output_per_tree', 'quantile_alpha': 0, 'objective': 'reg:squarederror'};5935,66;234,32;107972,32;11103,74;0,98
95;set_4240650_XGB_simple_SOAp_meta.pkl;{'learning_rate': 0.26880310910560434, 'max_depth': 4, 'subsample': 0.3353561895837505, 'tree_method': 'hist', 'num_target': 1, 'multi_strategy': 'one_output_per_tree', 'quantile_alpha': 0, 'objective': 'reg:squarederror'};5936,23;233,93;5457,50;5429,05;0,99
129;set_4306510_XGB_simple_IOA_meta.pkl;{'learning_rate': 0.3337963230564127, 'max_depth': 2, 'subsample': 0.6859472795978556, 'tree_method': 'hist', 'num_target': 1, 'multi_strategy': 'one_output_per_tree', 'quantile_alpha': 0.8275862068965517, 'objective': 'reg:quantileerror'};5937,96;209,03;3750,75;3740,51;0,99
269;set_5306100_ANN_simple_SOAp_meta.pkl;[1, 8, 0.00021316501471039812, 44, 10, 16, 'sigmoid'];5938,21;6703,53;4397,73;3892,73;0,98
275;set_5306100_XGB_simple_SOAp_meta.pkl;{'learning_rate': 0.3140551315539813, 'max_depth': 4, 'subsample': 0.743690108285745, 'tree_method': 'hist', 'num_target': 1, 'multi_strategy': 'one_output_per_tree', 'quantile_alpha': 0, 'objective': 'reg:squarederror'};5938,78;234,32;107972,32;11103,74;0,98
227;set_460650_XGB_simple_IOA_meta.pkl;{'learning_rate': 0.4622572663311446, 'max_depth': 2, 'subsample': 0.8981836926997044, 'tree_method': 'hist', 'num_target': 1, 'multi_strategy': 'one_output_per_tree', 'quantile_alpha': 0.8275862068965517, 'objective': 'reg:quantileerror'};5939,59;265,74;3962,01;3951,51;0,99
63;set_41920650_ANN_simple_IOA_meta.pkl;[5, 15, 0.04865368235558208, 46, 10, 16, 'relu'];5940,82;960,57;5161,98;4103,61;0,99
245;set_4960650_ANN_simple_IOA_meta.pkl;[10, 24, 0.00616596373297927, 35, 10, 16, 'relu'];5942,49;963,16;4092,04;3361,60;0,99
64;set_41920650_ANN_simple_SOAnp_meta.pkl;[5, 27, 0.04051806226038428, 23, 10, 16, 'tanh'];5943,30;973,51;7429,34;6373,49;0,99
40;set_4120650_ANN_simple_SOAnp_meta.pkl;[3, 23, 0.0027177347519491708, 40, 10, 32, 'sigmoid'];5943,30;980,66;4261,79;3813,78;0,99
88;set_4240650_ANN_simple_SOAnp_meta.pkl;[9, 21, 0.030781759644047668, 35, 10, 64, 'tanh'];5943,30;948,15;4111,48;3636,76;0,99
246;set_4960650_ANN_simple_SOAnp_meta.pkl;[5, 24, 0.03843292796286219, 21, 10, 64, 'sigmoid'];5943,30;978,81;6138,61;5289,48;0,99
200;set_4480650_ANN_simple_SOAnp_meta.pkl;[3, 15, 0.007261878547348403, 27, 10, 32, 'sigmoid'];5943,30;891,80;4729,05;4094,86;0,99
27;set_330650_ANN_simple_IOA_meta.pkl;[1, 24, 0.03810483185053668, 30, 10, 16, 'relu'];5943,53;300,58;2165,38;1776,05;0,99
268;set_5306100_ANN_simple_SOAnp_meta.pkl;[1, 8, 0.00021316501471039812, 44, 10, 16, 'sigmoid'];5944,05;6703,53;4397,73;3892,73;0,99
335;set_530650_XGB_simple_SOAp_meta.pkl;{'learning_rate': 0.3963413591834624, 'max_depth': 2, 'subsample': 0.5029529204589438, 'tree_method': 'hist', 'num_target': 1, 'multi_strategy': 'one_output_per_tree', 'quantile_alpha': 0, 'objective': 'reg:squarederror'};5944,30;219,23;117131,46;14555,04;0,99
328;set_530650_ANN_simple_SOAnp_meta.pkl;[1, 13, 0.0001702992868781233, 46, 10, 32, 'sigmoid'];5945,94;6262,47;4234,97;3942,40;0,99
93;set_4240650_XGB_simple_IOA_meta.pkl;{'learning_rate': 0.4749085993271319, 'max_depth': 2, 'subsample': 0.7316609901819262, 'tree_method': 'hist', 'num_target': 1, 'multi_strategy': 'one_output_per_tree', 'quantile_alpha': 0.8275862068965517, 'objective': 'reg:quantileerror'};5946,62;224,11;4377,05;4279,22;0,99
123;set_4306510_ANN_simple_IOA_meta.pkl;[10, 15, 0.0007867398171123622, 35, 10, 16, 'relu'];5946,76;966,68;2478,30;2037,82;0,99
113;set_430650_ANN_simple_SOAp_meta.pkl;[5, 16, 0.0004582712197587706, 10, 10, 32, 'relu'];5947,53;945,70;3690,64;3505,81;0,99
65;set_41920650_ANN_simple_SOAp_meta.pkl;[5, 27, 0.04051806226038428, 23, 10, 16, 'tanh'];5948,01;973,51;7429,34;6373,45;0,99
41;set_4120650_ANN_simple_SOAp_meta.pkl;[3, 23, 0.0027177347519491708, 40, 10, 32, 'sigmoid'];5948,09;980,66;4261,79;3813,78;0,99
201;set_4480650_ANN_simple_SOAp_meta.pkl;[3, 15, 0.007261878547348403, 27, 10, 32, 'sigmoid'];5948,09;891,80;4729,05;4094,86;0,99
329;set_530650_ANN_simple_SOAp_meta.pkl;[1, 13, 0.0001702992868781233, 46, 10, 32, 'sigmoid'];5948,10;6262,47;4234,97;3942,40;0,99
247;set_4960650_ANN_simple_SOAp_meta.pkl;[5, 24, 0.03843292796286219, 21, 10, 64, 'sigmoid'];5948,11;978,81;6138,61;5289,42;0,99
89;set_4240650_ANN_simple_SOAp_meta.pkl;[9, 21, 0.030781759644047668, 35, 10, 64, 'tanh'];5948,12;948,16;4111,48;3636,76;0,99
112;set_430650_ANN_simple_SOAnp_meta.pkl;[5, 16, 0.0004582712197587706, 10, 10, 32, 'relu'];5948,64;945,70;3690,64;3505,81;0,99
87;set_4240650_ANN_simple_IOA_meta.pkl;[2, 11, 0.03856723839061168, 36, 10, 16, 'sigmoid'];5949,29;833,92;2748,19;2305,71;1,00
199;set_4480650_ANN_simple_IOA_meta.pkl;[4, 26, 0.06481600130133017, 41, 10, 16, 'relu'];5949,47;848,14;3146,13;2548,83;1,00
69;set_41920650_XGB_simple_IOA_meta.pkl;{'learning_rate': 0.4920372592786084, 'max_depth': 2, 'subsample': 0.6437837586472623, 'tree_method': 'hist', 'num_target': 1, 'multi_strategy': 'one_output_per_tree', 'quantile_alpha': 0.8275862068965517, 'objective': 'reg:quantileerror'};5950,09;290,19;14008,94;11500,82;1,00
118;set_430650_XGB_simple_SOAnp_meta.pkl;{'learning_rate': 0.3357295976473273, 'max_depth': 3, 'subsample': 0.3029212169823735, 'tree_method': 'hist', 'num_target': 1, 'multi_strategy': 'one_output_per_tree', 'quantile_alpha': 0, 'objective': 'reg:squarederror'};5951,82;176,58;4557,06;4544,49;1,00
334;set_530650_XGB_simple_SOAnp_meta.pkl;{'learning_rate': 0.3963413591834624, 'max_depth': 2, 'subsample': 0.5029529204589438, 'tree_method': 'hist', 'num_target': 1, 'multi_strategy': 'one_output_per_tree', 'quantile_alpha': 0, 'objective': 'reg:squarederror'};5952,20;219,23;117131,46;14555,04;1,00
205;set_4480650_XGB_simple_IOA_meta.pkl;{'learning_rate': 0.1884716708589667, 'max_depth': 3, 'subsample': 0.7646979431809432, 'tree_method': 'hist', 'num_target': 1, 'multi_strategy': 'one_output_per_tree', 'quantile_alpha': 0.8275862068965517, 'objective': 'reg:quantileerror'};5952,32;238,57;5505,08;5319,59;1,00
45;set_4120650_XGB_simple_IOA_meta.pkl;{'learning_rate': 0.42189062231560565, 'max_depth': 2, 'subsample': 0.8925335214479546, 'tree_method': 'hist', 'num_target': 1, 'multi_strategy': 'one_output_per_tree', 'quantile_alpha': 0.8275862068965517, 'objective': 'reg:quantileerror'};5953,48;251,47;4090,37;4048,51;1,00
119;set_430650_XGB_simple_SOAp_meta.pkl;{'learning_rate': 0.3357295976473273, 'max_depth': 3, 'subsample': 0.3029212169823735, 'tree_method': 'hist', 'num_target': 1, 'multi_strategy': 'one_output_per_tree', 'quantile_alpha': 0, 'objective': 'reg:squarederror'};5953,50;176,58;4557,06;4544,49;1,00
16;set_230650_ANN_simple_SOAnp_meta.pkl;[9, 23, 0.07209531233566215, 29, 10, 16, 'relu'];5953,62;415,25;3853,28;3546,87;1,00
39;set_4120650_ANN_simple_IOA_meta.pkl;[9, 8, 0.004268831407641076, 29, 10, 16, 'relu'];5954,26;951,75;2767,00;2342,95;1,00
249;set_4960650_XGB_simple_IOA_meta.pkl;{'learning_rate': 0.45760106356951114, 'max_depth': 2, 'subsample': 0.7249084549674638, 'tree_method': 'hist', 'num_target': 1, 'multi_strategy': 'one_output_per_tree', 'quantile_alpha': 0.8275862068965517, 'objective': 'reg:quantileerror'};5954,81;329,26;8472,24;7444,43;1,00
333;set_530650_XGB_simple_IOA_meta.pkl;{'learning_rate': 0.43170300889157137, 'max_depth': 2, 'subsample': 0.5558207456660162, 'tree_method': 'hist', 'num_target': 1, 'multi_strategy': 'one_output_per_tree', 'quantile_alpha': 0.8275862068965517, 'objective': 'reg:quantileerror'};5956,66;242,54;4201,59;4140,89;1,00
17;set_230650_ANN_simple_SOAp_meta.pkl;[9, 23, 0.07209531233566215, 29, 10, 16, 'relu'];5957,88;415,27;3853,28;3546,80;1,00
321;set_5306300_XGB_simple_IOA_meta.pkl;{'learning_rate': 0.3989870543206734, 'max_depth': 2, 'subsample': 0.5103065347810528, 'tree_method': 'hist', 'num_target': 1, 'multi_strategy': 'one_output_per_tree', 'quantile_alpha': 0.8275862068965517, 'objective': 'reg:quantileerror'};5960,34;251,22;4550,10;4522,97;0,98
117;set_430650_XGB_simple_IOA_meta.pkl;{'learning_rate': 0.3091650040278182, 'max_depth': 2, 'subsample': 0.3767755645259241, 'tree_method': 'hist', 'num_target': 1, 'multi_strategy': 'one_output_per_tree', 'quantile_alpha': 0.8275862068965517, 'objective': 'reg:quantileerror'};5962,37;232,24;3752,16;3739,73;1,00
297;set_5306200_XGB_simple_IOA_meta.pkl;{'learning_rate': 0.357151174535868, 'max_depth': 3, 'subsample': 0.736929093320782, 'tree_method': 'hist', 'num_target': 1, 'multi_strategy': 'one_output_per_tree', 'quantile_alpha': 0.8275862068965517, 'objective': 'reg:quantileerror'};5966,04;262,58;4757,23;4708,02;0,99
291;set_5306200_ANN_simple_IOA_meta.pkl;[9, 16, 0.0043201883932749855, 25, 10, 64, 'relu'];5966,39;5086,28;3265,93;2668,07;0,99
285;set_5306150_XGB_simple_IOA_meta.pkl;{'learning_rate': 0.15848330761298413, 'max_depth': 4, 'subsample': 0.5948563141131367, 'tree_method': 'hist', 'num_target': 1, 'multi_strategy': 'one_output_per_tree', 'quantile_alpha': 0.8275862068965517, 'objective': 'reg:quantileerror'};5967,41;274,24;4649,39;4570,87;0,99
315;set_5306300_ANN_simple_IOA_meta.pkl;[9, 23, 0.0009464782836121204, 38, 10, 64, 'relu'];5969,55;5686,90;3039,96;2528,83;0,99
279;set_5306150_ANN_simple_IOA_meta.pkl;[3, 18, 0.0007588399794599414, 24, 10, 32, 'relu'];5972,03;5625,71;3003,52;2564,38;0,99
111;set_430650_ANN_simple_IOA_meta.pkl;[7, 6, 0.0043363948736633426, 48, 10, 32, 'relu'];5972,12;910,94;2845,05;2229,53;1,00
267;set_5306100_ANN_simple_IOA_meta.pkl;[6, 14, 0.008297680637691672, 28, 10, 128, 'relu'];5972,85;4553,22;2812,14;2318,24;0,99
273;set_5306100_XGB_simple_IOA_meta.pkl;{'learning_rate': 0.19678205919208747, 'max_depth': 3, 'subsample': 0.6964379226944515, 'tree_method': 'hist', 'num_target': 1, 'multi_strategy': 'one_output_per_tree', 'quantile_alpha': 0.8275862068965517, 'objective': 'reg:quantileerror'};5975,81;264,52;4100,57;4077,80;0,99
141;set_4306520_XGB_simple_SOAp_meta.pkl;{'learning_rate': 0.4150556280342491, 'max_depth': 4, 'subsample': 0.6766228732001436, 'tree_method': 'hist', 'num_target': 1, 'multi_strategy': 'one_output_per_tree', 'quantile_alpha': 0, 'objective': 'reg:squarederror'};7585,87;196,89;4780,37;4766,27;1,25
140;set_4306520_XGB_simple_SOAnp_meta.pkl;{'learning_rate': 0.4150556280342491, 'max_depth': 4, 'subsample': 0.6766228732001436, 'tree_method': 'hist', 'num_target': 1, 'multi_strategy': 'one_output_per_tree', 'quantile_alpha': 0, 'objective': 'reg:squarederror'};7593,53;196,89;4780,37;4769,02;1,25
134;set_4306520_ANN_simple_SOAnp_meta.pkl;[7, 28, 0.0004703753033109195, 27, 10, 16, 'relu'];7602,76;1012,02;4024,09;3652,73;1,25
135;set_4306520_ANN_simple_SOAp_meta.pkl;[7, 28, 0.0004703753033109195, 27, 10, 16, 'relu'];7606,22;1012,02;4024,09;3652,73;1,25
133;set_4306520_ANN_simple_IOA_meta.pkl;[2, 7, 0.005681891217483533, 27, 10, 32, 'relu'];7606,65;831,82;2480,54;2067,97;1,25
139;set_4306520_XGB_simple_IOA_meta.pkl;{'learning_rate': 0.35576193175678894, 'max_depth': 2, 'subsample': 0.47788335634701995, 'tree_method': 'hist', 'num_target': 1, 'multi_strategy': 'one_output_per_tree', 'quantile_alpha': 0.8275862068965517, 'objective': 'reg:quantileerror'};7608,00;201,12;3579,70;3542,29;1,25
147;set_4306530_ANN_simple_SOAp_meta.pkl;[7, 8, 9.597365976317852e-05, 22, 10, 32, 'relu'];10084,44;1049,15;3996,66;3591,28;1,65
146;set_4306530_ANN_simple_SOAnp_meta.pkl;[7, 8, 9.597365976317852e-05, 22, 10, 32, 'relu'];10092,96;1049,15;3996,66;3591,28;1,65
153;set_4306530_XGB_simple_SOAp_meta.pkl;{'learning_rate': 0.48783758349895, 'max_depth': 6, 'subsample': 0.7062151233729056, 'tree_method': 'hist', 'num_target': 1, 'multi_strategy': 'one_output_per_tree', 'quantile_alpha': 0, 'objective': 'reg:squarederror'};10144,29;216,30;4704,55;4690,57;1,66
152;set_4306530_XGB_simple_SOAnp_meta.pkl;{'learning_rate': 0.48783758349895, 'max_depth': 6, 'subsample': 0.7062151233729056, 'tree_method': 'hist', 'num_target': 1, 'multi_strategy': 'one_output_per_tree', 'quantile_alpha': 0, 'objective': 'reg:squarederror'};10149,03;216,29;4704,55;4690,58;1,66
151;set_4306530_XGB_simple_IOA_meta.pkl;{'learning_rate': 0.3946699332192313, 'max_depth': 2, 'subsample': 0.49521716581383357, 'tree_method': 'hist', 'num_target': 1, 'multi_strategy': 'one_output_per_tree', 'quantile_alpha': 0.8275862068965517, 'objective': 'reg:quantileerror'};10228,28;222,16;3580,71;3570,30;1,67
145;set_4306530_ANN_simple_IOA_meta.pkl;[7, 20, 0.0005755499959818592, 29, 10, 16, 'relu'];10234,17;955,78;2593,77;2192,80;1,68
163;set_4306540_XGB_simple_SOAp_meta.pkl;{'learning_rate': 0.45727551248707404, 'max_depth': 6, 'subsample': 0.5500124907289237, 'tree_method': 'hist', 'num_target': 1, 'multi_strategy': 'one_output_per_tree', 'quantile_alpha': 0, 'objective': 'reg:squarederror'};13334,37;180,61;4564,32;4564,32;2,16
162;set_4306540_XGB_simple_SOAnp_meta.pkl;{'learning_rate': 0.45727551248707404, 'max_depth': 6, 'subsample': 0.5500124907289237, 'tree_method': 'hist', 'num_target': 1, 'multi_strategy': 'one_output_per_tree', 'quantile_alpha': 0, 'objective': 'reg:squarederror'};13334,75;180,61;4564,32;4564,32;2,16
158;set_4306540_ANN_simple_SOAnp_meta.pkl;[1, 16, 0.003043931455956471, 32, 10, 64, 'relu'];13411,13;778,19;3729,32;3312,17;2,17
159;set_4306540_ANN_simple_SOAp_meta.pkl;[1, 16, 0.003043931455956471, 32, 10, 64, 'relu'];13417,03;778,19;3729,32;3312,17;2,18
157;set_4306540_ANN_simple_IOA_meta.pkl;[8, 26, 0.0004916977773477005, 35, 10, 16, 'relu'];13422,77;952,80;2375,13;2092,31;2,18
161;set_4306540_XGB_simple_IOA_meta.pkl;{'learning_rate': 0.1200116866708498, 'max_depth': 3, 'subsample': 0.6472472077683835, 'tree_method': 'hist', 'num_target': 1, 'multi_strategy': 'one_output_per_tree', 'quantile_alpha': 0.8275862068965517, 'objective': 'reg:quantileerror'};13431,41;194,39;3380,80;3368,95;2,18
175;set_4306550_XGB_simple_SOAp_meta.pkl;{'learning_rate': 0.3972700392720758, 'max_depth': 5, 'subsample': 0.8233875729866196, 'tree_method': 'hist', 'num_target': 1, 'multi_strategy': 'one_output_per_tree', 'quantile_alpha': 0, 'objective': 'reg:squarederror'};18933,14;235,18;5100,41;5038,32;2,99
174;set_4306550_XGB_simple_SOAnp_meta.pkl;{'learning_rate': 0.3972700392720758, 'max_depth': 5, 'subsample': 0.8233875729866196, 'tree_method': 'hist', 'num_target': 1, 'multi_strategy': 'one_output_per_tree', 'quantile_alpha': 0, 'objective': 'reg:squarederror'};18939,61;235,18;5100,41;5038,32;2,99
169;set_4306550_ANN_simple_SOAp_meta.pkl;[10, 28, 9.050720505446074e-05, 26, 10, 32, 'relu'];19005,26;1057,12;4393,07;3896,15;3,00
168;set_4306550_ANN_simple_SOAnp_meta.pkl;[10, 28, 9.050720505446074e-05, 26, 10, 32, 'relu'];19005,47;1057,12;4393,07;3896,15;3,00
173;set_4306550_XGB_simple_IOA_meta.pkl;{'learning_rate': 0.2313681451021634, 'max_depth': 3, 'subsample': 0.5389256482077684, 'tree_method': 'hist', 'num_target': 1, 'multi_strategy': 'one_output_per_tree', 'quantile_alpha': 0.8275862068965517, 'objective': 'reg:quantileerror'};19025,01;246,80;3974,25;3936,39;3,01
167;set_4306550_ANN_simple_IOA_meta.pkl;[3, 21, 0.0022221949684824893, 38, 10, 16, 'relu'];19029,40;979,29;2970,52;2335,00;3,01
